<?xml version="1.0" encoding="UTF-8"?>
<metadata xml:lang="en"><Esri><CreaDate>20230926</CreaDate><CreaTime>16223400</CreaTime><ArcGISFormat>1.0</ArcGISFormat><SyncOnce>FALSE</SyncOnce><DataProperties><lineage><Process Name="Join Field" ToolSource="c:\program files (x86)\arcgis\desktop10.4\ArcToolbox\Toolboxes\Data Management Tools.tbx\JoinField" Date="20230919" Time="071250">JoinField "C:\Users\coetses\OneDrive - Eskom Holdings SOC Ltd\sgp_work\GCCA\GCCA2025\GCCA_AREA\DATA.gdb\ALL_STATION_THIESSEN" Input_FID "C:\Users\coetses\OneDrive - Eskom Holdings SOC Ltd\sgp_work\GCCA\GCCA2025\GCCA_AREA\DATA.gdb\ALL_STATION_FILTER" OBJECTID_12 PowerStati;MTS;X;Y;id;fid_1;OBJECTID_1;OBJECTID;site_name;site_type;abbrev;floc_id;PROVINCE;PROVNAME;SupplyArea;CLN;Substation;Substati_1;TYPE;LINK;Level_1;Level_2;Level_3;Level_4;Level_5;Level_6;Node;PlantSlotID;MTS_1;USE</Process><Process Name="Create Thiessen Polygons" ToolSource="c:\program files (x86)\arcgis\desktop10.4\ArcToolbox\Toolboxes\Analysis Tools.tbx\CreateThiessenPolygons" Date="20230919" Time="071250">CreateThiessenPolygons "C:\Users\coetses\OneDrive - Eskom Holdings SOC Ltd\sgp_work\GCCA\GCCA2025\GCCA_AREA\DATA.gdb\ALL_STATION_FILTER" "C:\Users\coetses\OneDrive - Eskom Holdings SOC Ltd\sgp_work\GCCA\GCCA2025\GCCA_AREA\DATA.gdb\ALL_STATION_THIESSEN" ALL</Process><Process Name="Clip" ToolSource="c:\program files (x86)\arcgis\desktop10.4\ArcToolbox\Toolboxes\Analysis Tools.tbx\Clip" Date="20230919" Time="071255">Clip "C:\Users\coetses\OneDrive - Eskom Holdings SOC Ltd\sgp_work\GCCA\GCCA2025\GCCA_AREA\DATA.gdb\ALL_STATION_THIESSEN" "C:\Users\coetses\OneDrive - Eskom Holdings SOC Ltd\sgp_work\GCCA\GCCA2025\GCCA_AREA\DATA.gdb\PROVINCE_alb" "C:\Users\coetses\OneDrive - Eskom Holdings SOC Ltd\sgp_work\GCCA\GCCA2025\GCCA_AREA\DATA.gdb\ALL_STATION_THIESSEN_Clip" #</Process><Process Name="Dissolve" ToolSource="c:\program files (x86)\arcgis\desktop10.4\ArcToolbox\Toolboxes\Data Management Tools.tbx\Dissolve" Date="20230919" Time="084004">Dissolve "C:\Users\coetses\OneDrive - Eskom Holdings SOC Ltd\sgp_work\GCCA\GCCA2025\GCCA_AREA\DATA.gdb\ALL_STATION_THIESSEN_Clip" "C:\Users\coetses\OneDrive - Eskom Holdings SOC Ltd\sgp_work\GCCA\GCCA2025\GCCA_AREA\DATA.gdb\MTS_ZONES" MTS_1 # MULTI_PART DISSOLVE_LINES</Process><Process Name="Join Field (2)" ToolSource="c:\program files (x86)\arcgis\desktop10.4\ArcToolbox\Toolboxes\Data Management Tools.tbx\JoinField" Date="20230919" Time="084015">JoinField "C:\Users\coetses\OneDrive - Eskom Holdings SOC Ltd\sgp_work\GCCA\GCCA2025\GCCA_AREA\DATA.gdb\MTS_ZONES" MTS_1 "C:\Users\coetses\OneDrive - Eskom Holdings SOC Ltd\sgp_work\GCCA\GCCA2025\GCCA_AREA\DATA.gdb\GCCA_AREAS_FUT" Substation SupplyArea;LocalArea;Substation</Process><Process Name="Project" ToolSource="c:\program files (x86)\arcgis\desktop10.4\ArcToolbox\Toolboxes\Data Management Tools.tbx\Project" Date="20230919" Time="084017">Project "C:\Users\coetses\OneDrive - Eskom Holdings SOC Ltd\sgp_work\GCCA\GCCA2025\GCCA_AREA\DATA.gdb\MTS_ZONES" "C:\Users\coetses\OneDrive - Eskom Holdings SOC Ltd\sgp_work\GCCA\GCCA2025\GCCA_AREA\DATA.gdb\MTS_ZONES_LL" GEOGCS['GCS_Hartebeesthoek_1994',DATUM['D_Hartebeesthoek_1994',SPHEROID['WGS_1984',6378137.0,298.257223563]],PRIMEM['Greenwich',0.0],UNIT['Degree',0.0174532925199433]] Hartebeesthoek94_To_WGS_1984 PROJCS['Albers',GEOGCS['GCS_WGS_1984',DATUM['D_WGS_1984',SPHEROID['WGS_1984',6378137.0,298.257223563]],PRIMEM['Greenwich',0.0],UNIT['Degree',0.0174532925199433]],PROJECTION['Albers'],PARAMETER['false_easting',0.0],PARAMETER['false_northing',0.0],PARAMETER['central_meridian',24.0],PARAMETER['standard_parallel_1',-24.0],PARAMETER['standard_parallel_2',-33.0],PARAMETER['latitude_of_origin',0.0],UNIT['Meter',1.0]] NO_PRESERVE_SHAPE # NO_VERTICAL</Process></lineage><itemProps><itemName Sync="TRUE">LOCAL_AREA_LL</itemName><imsContentType Sync="TRUE">002</imsContentType><itemLocation><linkage Sync="TRUE">file://\\U188135113\C$\Users\coetses\OneDrive - Eskom Holdings SOC Ltd\sgp_work\GCCA\GCCA2025\GCCA_AREA\DATA.gdb</linkage><protocol Sync="TRUE">Local Area Network</protocol></itemLocation></itemProps><coordRef><type Sync="TRUE">Geographic</type><geogcsn Sync="TRUE">GCS_Hartebeesthoek_1994</geogcsn><csUnits Sync="TRUE">Angular Unit: Degree (0.017453)</csUnits><peXml Sync="TRUE">&lt;GeographicCoordinateSystem xsi:type='typens:GeographicCoordinateSystem' xmlns:xsi='http://www.w3.org/2001/XMLSchema-instance' xmlns:xs='http://www.w3.org/2001/XMLSchema' xmlns:typens='http://www.esri.com/schemas/ArcGIS/10.4'&gt;&lt;WKT&gt;GEOGCS[&amp;quot;GCS_Hartebeesthoek_1994&amp;quot;,DATUM[&amp;quot;D_Hartebeesthoek_1994&amp;quot;,SPHEROID[&amp;quot;WGS_1984&amp;quot;,6378137.0,298.257223563]],PRIMEM[&amp;quot;Greenwich&amp;quot;,0.0],UNIT[&amp;quot;Degree&amp;quot;,0.0174532925199433],AUTHORITY[&amp;quot;EPSG&amp;quot;,4148]]&lt;/WKT&gt;&lt;XOrigin&gt;-400&lt;/XOrigin&gt;&lt;YOrigin&gt;-400&lt;/YOrigin&gt;&lt;XYScale&gt;999999999.99999988&lt;/XYScale&gt;&lt;ZOrigin&gt;-100000&lt;/ZOrigin&gt;&lt;ZScale&gt;10000&lt;/ZScale&gt;&lt;MOrigin&gt;-100000&lt;/MOrigin&gt;&lt;MScale&gt;10000&lt;/MScale&gt;&lt;XYTolerance&gt;8.983152841195215e-009&lt;/XYTolerance&gt;&lt;ZTolerance&gt;0.001&lt;/ZTolerance&gt;&lt;MTolerance&gt;0.001&lt;/MTolerance&gt;&lt;HighPrecision&gt;true&lt;/HighPrecision&gt;&lt;LeftLongitude&gt;-180&lt;/LeftLongitude&gt;&lt;WKID&gt;4148&lt;/WKID&gt;&lt;LatestWKID&gt;4148&lt;/LatestWKID&gt;&lt;/GeographicCoordinateSystem&gt;</peXml></coordRef></DataProperties><SyncDate>20230919</SyncDate><SyncTime>08411900</SyncTime><ModDate>20230919</ModDate><ModTime>08411900</ModTime></Esri><dataIdInfo><envirDesc Sync="TRUE"> Version 6.2 (Build 9200) ; Esri ArcGIS 10.4.1.5686</envirDesc><dataLang><languageCode value="eng" Sync="TRUE"></languageCode><countryCode value="ZAF" Sync="TRUE"></countryCode></dataLang><idCitation><resTitle Sync="TRUE">LOCAL_AREA_LL</resTitle><presForm><PresFormCd value="005" Sync="TRUE"></PresFormCd></presForm></idCitation><spatRpType><SpatRepTypCd value="001" Sync="TRUE"></SpatRepTypCd></spatRpType></dataIdInfo><mdLang><languageCode value="eng" Sync="TRUE"></languageCode><countryCode value="ZAF" Sync="TRUE"></countryCode></mdLang><distInfo><distFormat><formatName Sync="TRUE">File Geodatabase Feature Class</formatName></distFormat></distInfo><mdHrLv><ScopeCd value="005" Sync="TRUE"></ScopeCd></mdHrLv><mdHrLvName Sync="TRUE">dataset</mdHrLvName><refSysInfo><RefSystem><refSysID><identCode code="4148" Sync="TRUE"></identCode><idCodeSpace Sync="TRUE">EPSG</idCodeSpace><idVersion Sync="TRUE">6.14(8.1.0)</idVersion></refSysID></RefSystem></refSysInfo><spatRepInfo><VectSpatRep><geometObjs Name="LOCAL_AREA_LL"><geoObjTyp><GeoObjTypCd value="002" Sync="TRUE"></GeoObjTypCd></geoObjTyp><geoObjCnt Sync="TRUE">0</geoObjCnt></geometObjs><topLvl><TopoLevCd value="001" Sync="TRUE"></TopoLevCd></topLvl></VectSpatRep></spatRepInfo><spdoinfo><ptvctinf><esriterm Name="LOCAL_AREA_LL"><efeatyp Sync="TRUE">Simple</efeatyp><efeageom code="4" Sync="TRUE"></efeageom><esritopo Sync="TRUE">FALSE</esritopo><efeacnt Sync="TRUE">0</efeacnt><spindex Sync="TRUE">TRUE</spindex><linrefer Sync="TRUE">FALSE</linrefer></esriterm></ptvctinf></spdoinfo><eainfo><detailed Name="LOCAL_AREA_LL"><enttyp><enttypl Sync="TRUE">LOCAL_AREA_LL</enttypl><enttypt Sync="TRUE">Feature Class</enttypt><enttypc Sync="TRUE">0</enttypc></enttyp><attr><attrlabl Sync="TRUE">Shape</attrlabl><attalias Sync="TRUE">Shape</attalias><attrtype Sync="TRUE">Geometry</attrtype><attwidth Sync="TRUE">0</attwidth><atprecis Sync="TRUE">0</atprecis><attscale Sync="TRUE">0</attscale><attrdef Sync="TRUE">Feature geometry.</attrdef><attrdefs Sync="TRUE">Esri</attrdefs><attrdomv><udom Sync="TRUE">Coordinates defining the features.</udom></attrdomv></attr><attr><attrlabl Sync="TRUE">OBJECTID</attrlabl><attalias Sync="TRUE">OBJECTID_12</attalias><attrtype Sync="TRUE">OID</attrtype><attwidth Sync="TRUE">4</attwidth><atprecis Sync="TRUE">0</atprecis><attscale Sync="TRUE">0</attscale><attrdef Sync="TRUE">Internal feature number.</attrdef><attrdefs Sync="TRUE">Esri</attrdefs><attrdomv><udom Sync="TRUE">Sequential unique whole numbers that are automatically generated.</udom></attrdomv></attr><attr><attrlabl Sync="TRUE">SupplyArea</attrlabl><attalias Sync="TRUE">SupplyArea</attalias><attrtype Sync="TRUE">String</attrtype><attwidth Sync="TRUE">8000</attwidth><atprecis Sync="TRUE">0</atprecis><attscale Sync="TRUE">0</attscale></attr><attr><attrlabl Sync="TRUE">LocalArea</attrlabl><attalias Sync="TRUE">LocalArea</attalias><attrtype Sync="TRUE">String</attrtype><attwidth Sync="TRUE">8000</attwidth><atprecis Sync="TRUE">0</atprecis><attscale Sync="TRUE">0</attscale></attr><attr><attrlabl Sync="TRUE">Shape_Length</attrlabl><attalias Sync="TRUE">Shape_Length</attalias><attrtype Sync="TRUE">Double</attrtype><attwidth Sync="TRUE">8</attwidth><atprecis Sync="TRUE">0</atprecis><attscale Sync="TRUE">0</attscale><attrdef Sync="TRUE">Length of feature in internal units.</attrdef><attrdefs Sync="TRUE">Esri</attrdefs><attrdomv><udom Sync="TRUE">Positive real numbers that are automatically generated.</udom></attrdomv></attr><attr><attrlabl Sync="TRUE">Shape_Area</attrlabl><attalias Sync="TRUE">Shape_Area</attalias><attrtype Sync="TRUE">Double</attrtype><attwidth Sync="TRUE">8</attwidth><atprecis Sync="TRUE">0</atprecis><attscale Sync="TRUE">0</attscale><attrdef Sync="TRUE">Area of feature in internal units squared.</attrdef><attrdefs Sync="TRUE">Esri</attrdefs><attrdomv><udom Sync="TRUE">Positive real numbers that are automatically generated.</udom></attrdomv></attr></detailed></eainfo><mdDateSt Sync="TRUE">20230919</mdDateSt></metadata>
