Date Time Hour Beginning,Wind,PV,CSP,Other_RE
2026-01-01 00:00:00,1231.1220000000001,0,38.935000000000002,41.783000000000001
2026-01-01 01:00:00,990.41700000000003,0,38.762999999999998,41.622999999999998
2026-01-01 02:00:00,969.04700000000003,0,18.053000000000001,42.159999999999997
2026-01-01 03:00:00,1089.8209999999999,0,0,42.098999999999997
2026-01-01 04:00:00,1190.0940000000001,0,0,41.756
2026-01-01 05:00:00,1166.0519999999999,9.3800000000000008,0,42.268000000000001
2026-01-01 06:00:00,986.04300000000001,400.74000000000001,44.377000000000002,42.143999999999998
2026-01-01 07:00:00,800.71500000000003,1263.2370000000001,156.458,41.295999999999999
2026-01-01 08:00:00,616.71799999999996,1766.6220000000001,408.78100000000001,40.936
2026-01-01 09:00:00,427.53500000000003,1993.3140000000001,466.33699999999999,39.927
2026-01-01 10:00:00,384.476,2182.0070000000001,479.214,41.027000000000001
2026-01-01 11:00:00,401.46300000000002,2276.2249999999999,510.91800000000001,41.125
2026-01-01 12:00:00,567.30200000000002,2276.3890000000001,550.88199999999995,40.790999999999997
2026-01-01 13:00:00,728.36800000000005,2238.3629999999998,526.46500000000003,41.863
2026-01-01 14:00:00,896.36000000000001,2135.7080000000001,568.27099999999996,41.340000000000003
2026-01-01 15:00:00,1143.4480000000001,1984.5139999999999,569.01099999999997,41.648000000000003
2026-01-01 16:00:00,1331.799,1700.095,562.02599999999995,41.240000000000002
2026-01-01 17:00:00,1458.164,1258.8040000000001,548.63699999999994,40.597000000000001
2026-01-01 18:00:00,1549.107,557.47699999999998,526.952,40.82
2026-01-01 19:00:00,1604.3030000000001,44.262999999999998,482.68599999999998,41.033000000000001
2026-01-01 20:00:00,1744.6859999999999,0,481.673,39.042000000000002
2026-01-01 21:00:00,1647.548,0,435.81900000000002,16.335000000000001
2026-01-01 22:00:00,1372.6600000000001,0,95.573999999999998,16.219999999999999
2026-01-01 23:00:00,1050.684,0,93.177999999999997,16.206
2026-01-02 00:00:00,862.56600000000003,0,54.463000000000001,16.241
2026-01-02 01:00:00,633.29100000000005,0,40.768000000000001,16.370999999999999
2026-01-02 02:00:00,563.60199999999998,0,40.813000000000002,16.434000000000001
2026-01-02 03:00:00,526.71600000000001,0,40.844000000000001,16.442
2026-01-02 04:00:00,473.87900000000002,0,36.454999999999998,20.690999999999999
2026-01-02 05:00:00,488.57100000000003,11.698,140.066,35.877000000000002
2026-01-02 06:00:00,461.67899999999997,430.38900000000001,347.38499999999999,38.106000000000002
2026-01-02 07:00:00,320.40100000000001,1362.057,375.851,36.808999999999997
2026-01-02 08:00:00,288.85300000000001,1857.847,541.14099999999996,35.792000000000002
2026-01-02 09:00:00,300.39299999999997,2109.0630000000001,573.80700000000002,28.381
2026-01-02 10:00:00,364.32600000000002,2184.652,577.41899999999998,16.748000000000001
2026-01-02 11:00:00,500.89499999999998,2279.1179999999999,575.96900000000005,16.690999999999999
2026-01-02 12:00:00,688.82799999999997,2206.1880000000001,574.53300000000002,16.518000000000001
2026-01-02 13:00:00,845.38300000000004,2135.4520000000002,573.86800000000005,16.02
2026-01-02 14:00:00,1065.425,2090.2330000000002,570.18299999999999,16.030000000000001
2026-01-02 15:00:00,1240.3009999999999,1960.896,569.56500000000005,19.353000000000002
2026-01-02 16:00:00,1553.809,1691.835,566.31600000000003,32.686999999999998
2026-01-02 17:00:00,1824.655,1282.6869999999999,524.23400000000004,37.206000000000003
2026-01-02 18:00:00,2042.4680000000001,612.63599999999997,458.02699999999999,28.853999999999999
2026-01-02 19:00:00,2186.0369999999998,48.631,482.23399999999998,29.375
2026-01-02 20:00:00,1976.3589999999999,0,482.57100000000003,29.001000000000001
2026-01-02 21:00:00,1698.4649999999999,0,457.983,29.149999999999999
2026-01-02 22:00:00,1572.0509999999999,0,98.283000000000001,28.765000000000001
2026-01-02 23:00:00,1356.932,0,43.456000000000003,31.815000000000001
2026-01-03 00:00:00,1330.3219999999999,0,41.673999999999999,39.637
2026-01-03 01:00:00,1288.125,0,41.634,41.304000000000002
2026-01-03 02:00:00,1289.625,0,41.658000000000001,39.273000000000003
2026-01-03 03:00:00,1331.8589999999999,0,41.682000000000002,35.927999999999997
2026-01-03 04:00:00,1322.9670000000001,0,38.706000000000003,35.25
2026-01-03 05:00:00,1379.998,8.6400000000000006,106.318,37.459000000000003
2026-01-03 06:00:00,1365.912,426.91000000000003,306.72399999999999,38.448
2026-01-03 07:00:00,1368.489,1318.4169999999999,385.63499999999999,40.807000000000002
2026-01-03 08:00:00,1311.874,1774.2819999999999,543.19000000000005,41.637999999999998
2026-01-03 09:00:00,1254.001,2006.7670000000001,545.77800000000002,39.343000000000004
2026-01-03 10:00:00,1090.9570000000001,2165.6060000000002,536.30100000000004,34.747
2026-01-03 11:00:00,984.30399999999997,2236.4699999999998,511.452,34.549999999999997
2026-01-03 12:00:00,1050.6880000000001,2206.0659999999998,540.03700000000003,35.183999999999997
2026-01-03 13:00:00,1015.713,2149.944,521.97500000000002,34.496000000000002
2026-01-03 14:00:00,1116.579,1971.0029999999999,492.54000000000002,37.594999999999999
2026-01-03 15:00:00,1256.9059999999999,1620.874,460.63799999999998,41.866
2026-01-03 16:00:00,1590.164,1349.6379999999999,442.63499999999999,40.460999999999999
2026-01-03 17:00:00,1796.778,982.20600000000002,445.36000000000001,35.133000000000003
2026-01-03 18:00:00,2108.098,341.99799999999999,447.60000000000002,34.359999999999999
2026-01-03 19:00:00,2277.9520000000002,26.398,461.87900000000002,35.655000000000001
2026-01-03 20:00:00,2384.4349999999999,0.012,464.12599999999998,38.814999999999998
2026-01-03 21:00:00,2186.3429999999998,0,414.71100000000001,41.984999999999999
2026-01-03 22:00:00,2198.5219999999999,0,77.128,39.109000000000002
2026-01-03 23:00:00,2151.1990000000001,0,32.378,38.850000000000001
2026-01-04 00:00:00,2120.3380000000002,0,29.530000000000001,39.847000000000001
2026-01-04 01:00:00,1913.269,0,34.110999999999997,40.505000000000003
2026-01-04 02:00:00,1680.2090000000001,0,16.035,41.171999999999997
2026-01-04 03:00:00,1631.6700000000001,0,0,41.015999999999998
2026-01-04 04:00:00,1650.3320000000001,0,0,41.057000000000002
2026-01-04 05:00:00,1703.297,6.4560000000000004,0,40.792999999999999
2026-01-04 06:00:00,1598.3050000000001,320.63,0,40.765000000000001
2026-01-04 07:00:00,1612.288,1058.6500000000001,111.869,29.690000000000001
2026-01-04 08:00:00,1593.9590000000001,1560.152,372.05399999999997,15.798
2026-01-04 09:00:00,1265.748,1831.645,406.61700000000002,17.661000000000001
2026-01-04 10:00:00,1010.601,1912.8240000000001,370.86200000000002,17.989000000000001
2026-01-04 11:00:00,782.32899999999995,2060.4050000000002,384.10300000000001,23.745000000000001
2026-01-04 12:00:00,633.91800000000001,1976.4649999999999,412.21600000000001,36.875999999999998
2026-01-04 13:00:00,572.70899999999995,1829.1469999999999,380.83800000000002,38.926000000000002
2026-01-04 14:00:00,726.95399999999995,1613.684,343.642,38.058
2026-01-04 15:00:00,1127.374,1333.8199999999999,412.20800000000003,38.715000000000003
2026-01-04 16:00:00,1771.8520000000001,1110.4690000000001,461.95400000000001,36.753999999999998
2026-01-04 17:00:00,2101.5990000000002,807.96900000000005,491.77600000000001,38.218000000000004
2026-01-04 18:00:00,2324.0599999999999,433.02999999999997,491.55799999999999,36.779000000000003
2026-01-04 19:00:00,2713.6700000000001,46.341000000000001,463.83499999999998,35.627000000000002
2026-01-04 20:00:00,2667.0430000000001,0,448.12700000000001,35.366
2026-01-04 21:00:00,2386.8519999999999,0,378.25400000000002,35.154000000000003
2026-01-04 22:00:00,2118.8040000000001,0,44.835000000000001,35.238
2026-01-04 23:00:00,1896.55,0,40.459000000000003,35.222000000000001
2026-01-05 00:00:00,1640.8440000000001,0,40.381999999999998,34.709000000000003
2026-01-05 01:00:00,1550.1420000000001,0,40.238,34.131
2026-01-05 02:00:00,1468.8720000000001,0,40.195,33.725000000000001
2026-01-05 03:00:00,1444.6679999999999,0,40.133000000000003,33.582000000000001
2026-01-05 04:00:00,1373.741,0,31.745000000000001,33.765000000000001
2026-01-05 05:00:00,1324.8,6.1609999999999996,0,34.984999999999999
2026-01-05 06:00:00,1176.3900000000001,303.49299999999999,38.697000000000003,35.316000000000003
2026-01-05 07:00:00,890.25099999999998,1097.626,177.773,35.406999999999996
2026-01-05 08:00:00,616.74300000000005,1610.0119999999999,412.87400000000002,35.128999999999998
2026-01-05 09:00:00,425.178,1963.607,467.459,34.899999999999999
2026-01-05 10:00:00,506.26600000000002,2143.076,469.67399999999998,34.871000000000002
2026-01-05 11:00:00,528.13400000000001,2158.7109999999998,455.68799999999999,35.040999999999997
2026-01-05 12:00:00,548.298,2091.8420000000001,435.53699999999998,34.338999999999999
2026-01-05 13:00:00,649.45500000000004,1988.4059999999999,462.83300000000003,33.731000000000002
2026-01-05 14:00:00,851.81899999999996,1732.423,491.91800000000001,33.756999999999998
2026-01-05 15:00:00,1087.963,1388.9939999999999,492.87099999999998,33.683
2026-01-05 16:00:00,1206.3199999999999,1220.4670000000001,532.14599999999996,34.329000000000001
2026-01-05 17:00:00,1363.329,944.66399999999999,520.601,35.789999999999999
2026-01-05 18:00:00,1669.9259999999999,472.50299999999999,507.64699999999999,35.779000000000003
2026-01-05 19:00:00,1615.067,33.659999999999997,471.69400000000002,35.904000000000003
2026-01-05 20:00:00,1467.471,3.2000000000000001E-2,471.87400000000002,35.601999999999997
2026-01-05 21:00:00,1121.105,0,418.38299999999998,37.191000000000003
2026-01-05 22:00:00,907.70799999999997,0,99.933999999999997,37.593000000000004
2026-01-05 23:00:00,909.08600000000001,0,85.141000000000005,37.795000000000002
2026-01-06 00:00:00,843.35799999999995,0,40.341999999999999,37.93
2026-01-06 01:00:00,812.19100000000003,0,40.43,37.555999999999997
2026-01-06 02:00:00,877.44100000000003,0,40.448,37.668999999999997
2026-01-06 03:00:00,872.67200000000003,0,40.408000000000001,37.436999999999998
2026-01-06 04:00:00,897.154,0,39.228999999999999,37.305
2026-01-06 05:00:00,958.45699999999999,8.782,109.90600000000001,38.405999999999999
2026-01-06 06:00:00,987.40499999999997,415.52100000000002,162.78100000000001,38.841000000000001
2026-01-06 07:00:00,949.12800000000004,1361.174,201.62899999999999,38.960000000000001
2026-01-06 08:00:00,1152.5129999999999,1852.7729999999999,425.56900000000002,38.191000000000003
2026-01-06 09:00:00,1315.8119999999999,2059.5709999999999,479.94299999999998,37.420000000000002
2026-01-06 10:00:00,1497.518,2187.9470000000001,522.55899999999997,38.671999999999997
2026-01-06 11:00:00,1675.3589999999999,2264.0439999999999,554.19100000000003,38.485999999999997
2026-01-06 12:00:00,1962.164,2249.7260000000001,575.30799999999999,38.439999999999998
2026-01-06 13:00:00,2445.1469999999999,2078.4369999999999,567.15200000000004,39.936
2026-01-06 14:00:00,2577.2399999999998,2028.8309999999999,564.26400000000001,39.829000000000001
2026-01-06 15:00:00,2691.3339999999998,1875.0139999999999,552.06100000000004,40.685000000000002
2026-01-06 16:00:00,2676.0949999999998,1616.2460000000001,551.03599999999994,41.145000000000003
2026-01-06 17:00:00,2611.152,1253.1569999999999,564.37400000000002,42.749000000000002
2026-01-06 18:00:00,2428.9920000000002,627.17999999999995,543.04999999999995,42.445999999999998
2026-01-06 19:00:00,2155.5410000000002,54.122999999999998,487.82499999999999,41.945999999999998
2026-01-06 20:00:00,2159.279,0,488.66199999999998,42.950000000000003
2026-01-06 21:00:00,2225.0599999999999,0,451.74299999999999,43.067
2026-01-06 22:00:00,2130.0239999999999,0,98.637,42.539000000000001
2026-01-06 23:00:00,1973.778,0,92.557000000000002,40.005000000000003
2026-01-07 00:00:00,1924.3900000000001,0,47.884999999999998,38.475999999999999
2026-01-07 01:00:00,1937.395,0,36.598999999999997,38.975999999999999
2026-01-07 02:00:00,2012.6859999999999,0,36.447000000000003,39.374000000000002
2026-01-07 03:00:00,1981.5419999999999,0,36.493000000000002,38.799999999999997
2026-01-07 04:00:00,1843.356,0,78.847999999999999,39.378999999999998
2026-01-07 05:00:00,1698.1389999999999,7.6950000000000003,286.13099999999997,41.137
2026-01-07 06:00:00,1323.8499999999999,416.077,360.5,42.710000000000001
2026-01-07 07:00:00,1159.596,1349.5340000000001,381.82400000000001,43.039000000000001
2026-01-07 08:00:00,1116.104,1876.8779999999999,552.43399999999997,42.929000000000002
2026-01-07 09:00:00,951.14400000000001,2113.152,573.25599999999997,41.530000000000001
2026-01-07 10:00:00,909.80399999999997,2237.8510000000001,572.59000000000003,40.883000000000003
2026-01-07 11:00:00,918.03099999999995,2304.1999999999998,569.40599999999995,41.801000000000002
2026-01-07 12:00:00,922.92200000000003,2313.9200000000001,557.94299999999998,42.051000000000002
2026-01-07 13:00:00,1005.048,2242.8009999999999,549.90899999999999,42.204999999999998
2026-01-07 14:00:00,1023.073,2108.8389999999999,567.22500000000002,42.003
2026-01-07 15:00:00,1141.096,2007.568,568.32899999999995,42.384999999999998
2026-01-07 16:00:00,1194.6199999999999,1739.4780000000001,565.84000000000003,38.786000000000001
2026-01-07 17:00:00,1315.8009999999999,1327.8430000000001,561.65300000000002,33.896999999999998
2026-01-07 18:00:00,1330.789,633.101,542.01999999999998,33.152000000000001
2026-01-07 19:00:00,1308.6510000000001,52.091999999999999,484.517,33.045000000000002
2026-01-07 20:00:00,1367.3309999999999,0,480.73599999999999,32.972999999999999
2026-01-07 21:00:00,1453.0440000000001,0,450.44400000000002,33.286000000000001
2026-01-07 22:00:00,1499.3330000000001,0,124.29600000000001,32.542000000000002
2026-01-07 23:00:00,1328.9110000000001,0,96.054000000000002,32.030000000000001
2026-01-08 00:00:00,1072.9490000000001,0,53.427999999999997,31.41
2026-01-08 01:00:00,960.37300000000005,0,40.624000000000002,31.303999999999998
2026-01-08 02:00:00,914.05399999999997,0,41.012999999999998,31.556000000000001
2026-01-08 03:00:00,780.61900000000003,0,40.697000000000003,31.815000000000001
2026-01-08 04:00:00,658.36400000000003,0,80.790999999999997,31.887
2026-01-08 05:00:00,614.72299999999996,6.6070000000000002,244.88800000000001,31.91
2026-01-08 06:00:00,505.01299999999998,391.32100000000003,346.00299999999999,32.392000000000003
2026-01-08 07:00:00,412.66399999999999,1304.2639999999999,409.666,34.576999999999998
2026-01-08 08:00:00,426.27800000000002,1760.201,557.29700000000003,38.817
2026-01-08 09:00:00,552.22900000000004,2004.6859999999999,489.98200000000003,38.847999999999999
2026-01-08 10:00:00,899.44100000000003,2193.6590000000001,471.18700000000001,38.771999999999998
2026-01-08 11:00:00,1276.441,2245.7869999999998,468.55399999999997,38.515999999999998
2026-01-08 12:00:00,1643.0450000000001,2278.0520000000001,478.37200000000001,38.670999999999999
2026-01-08 13:00:00,2079.4969999999998,2245.288,523.61000000000001,37.863
2026-01-08 14:00:00,2276.0349999999999,2172.576,559.05399999999997,37.847999999999999
2026-01-08 15:00:00,2267.9560000000001,2012.79,561.78099999999995,37.692
2026-01-08 16:00:00,2397.1680000000001,1814.403,563.21900000000005,37.898000000000003
2026-01-08 17:00:00,2495.703,1366.73,557.51199999999994,38.110999999999997
2026-01-08 18:00:00,2402.3519999999999,637.601,535.63499999999999,37.960999999999999
2026-01-08 19:00:00,2183.3539999999998,54.119,483.40499999999997,37.816000000000003
2026-01-08 20:00:00,1888.7860000000001,0,480.31700000000001,37.521999999999998
2026-01-08 21:00:00,1820.989,0,459.06999999999999,38.052999999999997
2026-01-08 22:00:00,1642.3679999999999,0,83.046000000000006,38.270000000000003
2026-01-08 23:00:00,1518.8299999999999,0,44.966999999999999,36.936
2026-01-09 00:00:00,1234.3589999999999,0,41.442999999999998,35.854999999999997
2026-01-09 01:00:00,1107.45,0,41.539999999999999,35.898000000000003
2026-01-09 02:00:00,1210.5229999999999,0,35.140999999999998,36.25
2026-01-09 03:00:00,1072.2919999999999,0,41.009999999999998,36.249000000000002
2026-01-09 04:00:00,1009.133,0,61.310000000000002,36.286999999999999
2026-01-09 05:00:00,1123.5650000000001,6.4870000000000001,296.18799999999999,36.524999999999999
2026-01-09 06:00:00,1176.049,367.17200000000003,368.14299999999997,37.365000000000002
2026-01-09 07:00:00,1253.915,1202.29,394.04199999999997,42.104999999999997
2026-01-09 08:00:00,1159.3430000000001,1735.788,461.50799999999998,42.383000000000003
2026-01-09 09:00:00,1137.4949999999999,1981.085,498.64699999999999,41.719000000000001
2026-01-09 10:00:00,1072.115,2117.3820000000001,569.47000000000003,41.777999999999999
2026-01-09 11:00:00,970.42200000000003,2240.241,568.04999999999995,41.950000000000003
2026-01-09 12:00:00,1041.5540000000001,2273.2280000000001,568.20299999999997,41.728999999999999
2026-01-09 13:00:00,1097.779,2126.5219999999999,564.005,41.709000000000003
2026-01-09 14:00:00,1283.5340000000001,2059.4050000000002,555.88499999999999,41.799999999999997
2026-01-09 15:00:00,1705.1600000000001,1835.1849999999999,552.24599999999998,42.637
2026-01-09 16:00:00,2052.7220000000002,1579.5820000000001,538.98299999999995,42.457999999999998
2026-01-09 17:00:00,2270.1529999999998,1187.519,550.13,40.829000000000001
2026-01-09 18:00:00,2283.7600000000002,539.64200000000005,535.91800000000001,39.305999999999997
2026-01-09 19:00:00,2532.9659999999999,48.5,477.57999999999998,39.368000000000002
2026-01-09 20:00:00,2505.998,6.7000000000000004E-2,484.03899999999999,40.439
2026-01-09 21:00:00,2436.3310000000001,0,458.16300000000001,41.140000000000001
2026-01-09 22:00:00,2426.2649999999999,0,126.343,41.543999999999997
2026-01-09 23:00:00,2358.5430000000001,0,86.451999999999998,40.530999999999999
2026-01-10 00:00:00,2260.7020000000002,0,42.408000000000001,40.401000000000003
2026-01-10 01:00:00,2274.904,0,37.381999999999998,39.780999999999999
2026-01-10 02:00:00,2355.357,0,37.514000000000003,40.433
2026-01-10 03:00:00,2336.1379999999999,0,37.503999999999998,40.359000000000002
2026-01-10 04:00:00,2387.0419999999999,0,51.067,21.681999999999999
2026-01-10 05:00:00,2352.1219999999998,5.1159999999999997,121.63500000000001,15.250999999999999
2026-01-10 06:00:00,2359.2510000000002,342.23399999999998,167.03800000000001,16.204000000000001
2026-01-10 07:00:00,2398.5619999999999,1240.654,201.089,16.529
2026-01-10 08:00:00,2314.951,1763.9480000000001,399.77800000000002,16.280999999999999
2026-01-10 09:00:00,2176.5819999999999,1990.289,495.32900000000001,16.273
2026-01-10 10:00:00,2052.6550000000002,2117.6990000000001,501.50400000000002,19.491
2026-01-10 11:00:00,1951.0999999999999,2176.2040000000002,518.06299999999999,29.541
2026-01-10 12:00:00,1848.162,2144.375,498.08100000000002,37.887999999999998
2026-01-10 13:00:00,1887.896,2031.1310000000001,453.774,41.548000000000002
2026-01-10 14:00:00,1906.729,1685.202,404.53399999999999,39.363
2026-01-10 15:00:00,2046.5160000000001,1460.2750000000001,298.00599999999997,42.290999999999997
2026-01-10 16:00:00,2230.748,1247.8489999999999,401.75900000000001,42.148000000000003
2026-01-10 17:00:00,2247.2959999999998,832.50400000000002,448.61799999999999,41.896000000000001
2026-01-10 18:00:00,2206.6100000000001,429.99200000000002,435.75599999999997,41.951000000000001
2026-01-10 19:00:00,2169.6840000000002,45.055999999999997,426.50299999999999,42.232999999999997
2026-01-10 20:00:00,2382.6260000000002,0,424.23399999999998,41.320999999999998
2026-01-10 21:00:00,2398.2930000000001,0,212.74700000000001,41.293999999999997
2026-01-10 22:00:00,1990.46,0,0.75700000000000001,42.024000000000001
2026-01-10 23:00:00,1660.145,0,0,42.280999999999999
2026-01-11 00:00:00,1439.8800000000001,0,0,41.326999999999998
2026-01-11 01:00:00,1498.9390000000001,0,0,40.692999999999998
2026-01-11 02:00:00,1531.6859999999999,0,0,41.472999999999999
2026-01-11 03:00:00,1538.249,0,0,41.652000000000001
2026-01-11 04:00:00,1503.002,0,0,41.683
2026-01-11 05:00:00,1503.8399999999999,4.9530000000000003,0,42.366
2026-01-11 06:00:00,1413.175,329.589,8.3469999999999995,42.859999999999999
2026-01-11 07:00:00,1359.9949999999999,1235.778,73.037999999999997,43.137999999999998
2026-01-11 08:00:00,1258.662,1784.749,315.471,43.232999999999997
2026-01-11 09:00:00,1134.386,2051.0799999999999,396.28399999999999,42.511000000000003
2026-01-11 10:00:00,1029.9100000000001,2169.1550000000002,415.18700000000001,42.223999999999997
2026-01-11 11:00:00,921.75,2221.136,414.41399999999999,41.198999999999998
2026-01-11 12:00:00,1031.933,2228.7150000000001,407.142,41.311
2026-01-11 13:00:00,1047.425,2179.154,377.863,40.713000000000001
2026-01-11 14:00:00,1022.728,2027.943,359.79399999999998,40.957999999999998
2026-01-11 15:00:00,1056.4449999999999,1751.2950000000001,320.291,41.810000000000002
2026-01-11 16:00:00,1185.1800000000001,1402.105,320.21800000000002,41.802999999999997
2026-01-11 17:00:00,1221.865,1112.6010000000001,339.12200000000001,41.743000000000002
2026-01-11 18:00:00,1517.8,517.38699999999994,281.76499999999999,41.439
2026-01-11 19:00:00,1685.741,46.648000000000003,301.72199999999998,40.384
2026-01-11 20:00:00,1515.0650000000001,0,324.93400000000003,41.051000000000002
2026-01-11 21:00:00,1234.327,0,312.69299999999998,41.802
2026-01-11 22:00:00,1035.47,0,61.271999999999998,41.993000000000002
2026-01-11 23:00:00,890.46299999999997,0,32.795999999999999,41.567999999999998
2026-01-12 00:00:00,935.88099999999997,0,0,41.143000000000001
2026-01-12 01:00:00,834.423,0,0,40.914999999999999
2026-01-12 02:00:00,694.27999999999997,0,0,40.353000000000002
2026-01-12 03:00:00,773.84900000000005,0,0,40.045000000000002
2026-01-12 04:00:00,813.35900000000004,0,5.1760000000000002,40.898000000000003
2026-01-12 05:00:00,797.18299999999999,3.5289999999999999,91.575999999999993,40.667000000000002
2026-01-12 06:00:00,685.69899999999996,316.13200000000001,135.60900000000001,41.808999999999997
2026-01-12 07:00:00,590.47000000000003,1191.3889999999999,135.49299999999999,43.515999999999998
2026-01-12 08:00:00,712.10799999999995,1694.8800000000001,267.30099999999999,42.384999999999998
2026-01-12 09:00:00,953.19899999999996,1938.2280000000001,309.161,42.143000000000001
2026-01-12 10:00:00,948.76300000000003,2042.2619999999999,349.53100000000001,41.75
2026-01-12 11:00:00,889.97299999999996,2166.3560000000002,361.93799999999999,41.753
2026-01-12 12:00:00,1032.181,2152.4319999999998,361.06400000000002,42.712000000000003
2026-01-12 13:00:00,1395.9380000000001,2026.182,368.32799999999997,41.656999999999996
2026-01-12 14:00:00,1716.748,1846.7539999999999,386.358,42.725999999999999
2026-01-12 15:00:00,1834.701,1670.2059999999999,304.04199999999997,43.497
2026-01-12 16:00:00,1994.671,1462.326,311.77600000000001,40.412999999999997
2026-01-12 17:00:00,2049.038,1076.2909999999999,414.33300000000003,36.052999999999997
2026-01-12 18:00:00,2006.181,509.22500000000002,398.36200000000002,36.466999999999999
2026-01-12 19:00:00,1960.02,39.014000000000003,368.83300000000003,36.372999999999998
2026-01-12 20:00:00,1680.963,0,363.60300000000001,36.326999999999998
2026-01-12 21:00:00,1460.625,0,343.49400000000003,36.304000000000002
2026-01-12 22:00:00,1401.7750000000001,0,98.674999999999997,36.110999999999997
2026-01-12 23:00:00,1318.0889999999999,0,72.444999999999993,35.610999999999997
2026-01-13 00:00:00,1200.9190000000001,0,36.713999999999999,35.951999999999998
2026-01-13 01:00:00,1012.099,0,36.673000000000002,36.255000000000003
2026-01-13 02:00:00,896.35199999999998,0,36.662999999999997,36.606000000000002
2026-01-13 03:00:00,899.01700000000005,0,36.396999999999998,36.270000000000003
2026-01-13 04:00:00,710.90899999999999,0,8.3300000000000001,36.679000000000002
2026-01-13 05:00:00,510.012,3.9969999999999999,57.698999999999998,36.481999999999999
2026-01-13 06:00:00,412.25400000000002,298.02600000000001,121.41,36.798000000000002
2026-01-13 07:00:00,289.67399999999998,1136.2070000000001,187.422,37.213000000000001
2026-01-13 08:00:00,217.703,1685.8989999999999,374.02300000000002,37.481999999999999
2026-01-13 09:00:00,218.732,1939.7860000000001,456.84500000000003,36.920999999999999
2026-01-13 10:00:00,281.84100000000001,2125.9360000000001,463.08699999999999,37.287999999999997
2026-01-13 11:00:00,383.99299999999999,2197.5340000000001,460.92500000000001,37.652999999999999
2026-01-13 12:00:00,505.86000000000001,2205.5349999999999,426.96600000000001,37.439999999999998
2026-01-13 13:00:00,758.91899999999998,2165.4009999999998,443.79599999999999,37.560000000000002
2026-01-13 14:00:00,938.26700000000005,2005.1949999999999,442.65699999999998,37.325000000000003
2026-01-13 15:00:00,1067.3910000000001,1789.9939999999999,416.80399999999997,37.497
2026-01-13 16:00:00,1251.23,1421.2239999999999,410.13200000000001,37.161999999999999
2026-01-13 17:00:00,1585.729,1170.71,406.26900000000001,35.106000000000002
2026-01-13 18:00:00,1908.914,546.42200000000003,404.62099999999998,35.417999999999999
2026-01-13 19:00:00,1875.539,43.722000000000001,369.214,36.011000000000003
2026-01-13 20:00:00,1635.1949999999999,0,368.87900000000002,38.220999999999997
2026-01-13 21:00:00,1520.0509999999999,0,348.815,38.262
2026-01-13 22:00:00,1357.9690000000001,0,99.700000000000003,38.314
2026-01-13 23:00:00,998.90599999999995,0,85.528000000000006,38.734000000000002
2026-01-14 00:00:00,911.45799999999997,0,44.863999999999997,37.779000000000003
2026-01-14 01:00:00,854.59900000000005,0,39.591000000000001,38.286999999999999
2026-01-14 02:00:00,659.26999999999998,0,39.603000000000002,39.728000000000002
2026-01-14 03:00:00,588.548,0,38.341000000000001,39.786999999999999
2026-01-14 04:00:00,574.13099999999997,0,38.735999999999997,38.072000000000003
2026-01-14 05:00:00,644.19600000000003,4.125,2.2509999999999999,36.488
2026-01-14 06:00:00,640.40099999999995,262.88200000000001,0,38.310000000000002
2026-01-14 07:00:00,521.37400000000002,1020.217,27.806000000000001,39.116999999999997
2026-01-14 08:00:00,452.327,1606.4449999999999,210.779,38.932000000000002
2026-01-14 09:00:00,507.95499999999998,1963.3209999999999,395.91899999999998,38.737000000000002
2026-01-14 10:00:00,597.40599999999995,2087.2190000000001,391.83100000000002,36.640999999999998
2026-01-14 11:00:00,768.61699999999996,2168.5439999999999,380.75400000000002,17.292000000000002
2026-01-14 12:00:00,1022.016,2104.6300000000001,403.37,17.350999999999999
2026-01-14 13:00:00,1354.623,2065.596,362.26499999999999,17.356000000000002
2026-01-14 14:00:00,1662.24,1874.0820000000001,327.73000000000002,17.143999999999998
2026-01-14 15:00:00,2172.6619999999998,1545.1389999999999,303.75299999999999,16.858000000000001
2026-01-14 16:00:00,2579.5770000000002,1261.5260000000001,314.24299999999999,16.898
2026-01-14 17:00:00,2698.2429999999999,1049.452,333.53500000000003,16.989000000000001
2026-01-14 18:00:00,2559.5189999999998,469.35000000000002,344.73399999999998,18.658000000000001
2026-01-14 19:00:00,2088.1819999999998,40.259,316.68599999999998,27.728000000000002
2026-01-14 20:00:00,1933.4659999999999,0,287.01600000000002,37.191000000000003
2026-01-14 21:00:00,1754.7570000000001,0,224.006,40.249000000000002
2026-01-14 22:00:00,1490.145,0,31.300000000000001,43.936
2026-01-14 23:00:00,1424.4100000000001,0,27.905999999999999,43.923999999999999
2026-01-15 00:00:00,1258.954,0,26.114999999999998,42.222999999999999
2026-01-15 01:00:00,1130.74,0,28.292000000000002,42.023000000000003
2026-01-15 02:00:00,1017.302,0,28.300999999999998,42.256999999999998
2026-01-15 03:00:00,990.72199999999998,0,27.251999999999999,42.542999999999999
2026-01-15 04:00:00,1077.2719999999999,0,26.931999999999999,42.357999999999997
2026-01-15 05:00:00,1265.6089999999999,2.1930000000000001,26.579999999999998,43.280000000000001
2026-01-15 06:00:00,1149.4449999999999,200.49799999999999,25.210999999999999,43.933
2026-01-15 07:00:00,1267.7059999999999,742.19100000000003,35.277000000000001,43.938000000000002
2026-01-15 08:00:00,1235.703,1273.4259999999999,183.398,44.713000000000001
2026-01-15 09:00:00,1119.6479999999999,1643.308,261.69499999999999,44.845999999999997
2026-01-15 10:00:00,995.41099999999994,1777.3779999999999,221.136,45.054000000000002
2026-01-15 11:00:00,1105.4559999999999,2013.021,311.68700000000001,44.341999999999999
2026-01-15 12:00:00,1191.028,1954.3699999999999,383.85899999999998,43.878999999999998
2026-01-15 13:00:00,1448.509,2056.998,380.26100000000002,44.548999999999999
2026-01-15 14:00:00,1842.1089999999999,1997.05,345.27199999999999,44.817999999999998
2026-01-15 15:00:00,2066.2370000000001,1661.9000000000001,281.76400000000001,43.936
2026-01-15 16:00:00,2172.6329999999998,1370.153,247.66200000000001,42.655999999999999
2026-01-15 17:00:00,2299.1999999999998,1063.297,285.01299999999998,43.680999999999997
2026-01-15 18:00:00,2381.0770000000002,532.10599999999999,290.88799999999998,44.706000000000003
2026-01-15 19:00:00,2594.6239999999998,45.398000000000003,319.70699999999999,44.161999999999999
2026-01-15 20:00:00,2728.652,0,314.745,43.533999999999999
2026-01-15 21:00:00,2782.4450000000002,0,228.42599999999999,43.869999999999997
2026-01-15 22:00:00,2712.0720000000001,0,2.5499999999999998,43.235999999999997
2026-01-15 23:00:00,2531.1669999999999,0,0,42.299999999999997
2026-01-16 00:00:00,2407.3910000000001,0,0,41.841000000000001
2026-01-16 01:00:00,2209.7629999999999,0,0,34.448999999999998
2026-01-16 02:00:00,2178.1390000000001,0,0,31.797999999999998
2026-01-16 03:00:00,2125.0079999999998,0,0,31.704000000000001
2026-01-16 04:00:00,1925.1320000000001,0,0,25.981999999999999
2026-01-16 05:00:00,1758.1679999999999,2.198,0,22.559000000000001
2026-01-16 06:00:00,1489.028,259.99400000000003,1.4910000000000001,25.771000000000001
2026-01-16 07:00:00,1284.5940000000001,1135.951,87.012,32.061
2026-01-16 08:00:00,1017.667,1756.2570000000001,316.733,44.369
2026-01-16 09:00:00,888.98000000000002,1950.7,414.31200000000001,42.085000000000001
2026-01-16 10:00:00,812.93200000000002,2142.1010000000001,432.38200000000001,40.642000000000003
2026-01-16 11:00:00,836.31200000000001,2204.2820000000002,408.51400000000001,43.936999999999998
2026-01-16 12:00:00,1027.9860000000001,2201.9319999999998,443.74000000000001,44.5
2026-01-16 13:00:00,1224.7339999999999,2078.2449999999999,441.25,44.365000000000002
2026-01-16 14:00:00,1550.9400000000001,2081.7849999999999,454.899,44.408000000000001
2026-01-16 15:00:00,1672.7660000000001,1902.8900000000001,462.762,44.584000000000003
2026-01-16 16:00:00,1888.2049999999999,1572.605,453.505,44.512
2026-01-16 17:00:00,2123.6399999999999,1203.421,453.27199999999999,44.036999999999999
2026-01-16 18:00:00,2417.5169999999998,618.47799999999995,429.91699999999997,42.463000000000001
2026-01-16 19:00:00,2426.4929999999999,50.389000000000003,371.952,44.350999999999999
2026-01-16 20:00:00,2247.0169999999998,0,376.125,44.838000000000001
2026-01-16 21:00:00,1952.3499999999999,0,359.38499999999999,44.697000000000003
2026-01-16 22:00:00,1747.9349999999999,0,104.124,45.023000000000003
2026-01-16 23:00:00,1449.8199999999999,0,90.179000000000002,43.969999999999999
2026-01-17 00:00:00,1137.242,0,38.454000000000001,43.375
2026-01-17 01:00:00,960.12300000000005,0,38.899999999999999,43.07
2026-01-17 02:00:00,961.45699999999999,0,38.841000000000001,43.493000000000002
2026-01-17 03:00:00,990.72500000000002,0,38.990000000000002,43.552
2026-01-17 04:00:00,892.077,0,38.549999999999997,43.746000000000002
2026-01-17 05:00:00,800.31600000000003,2.5960000000000001,93.329999999999998,43.264000000000003
2026-01-17 06:00:00,661.72699999999998,266.78199999999998,131.69300000000001,43.732999999999997
2026-01-17 07:00:00,523.10799999999995,1122.0509999999999,243.41499999999999,45.085000000000001
2026-01-17 08:00:00,463.46199999999999,1712.6369999999999,399.02300000000002,45.125
2026-01-17 09:00:00,561.03999999999996,1979.8889999999999,463.459,44.719000000000001
2026-01-17 10:00:00,769.94600000000003,2167.8110000000001,465.38499999999999,44.170999999999999
2026-01-17 11:00:00,1163.2619999999999,2248.5880000000002,460.01900000000001,44.665999999999997
2026-01-17 12:00:00,1623.6410000000001,2279.77,435.45999999999998,45.078000000000003
2026-01-17 13:00:00,1932.627,2209.9639999999999,425.762,44.947000000000003
2026-01-17 14:00:00,2299.8800000000001,2109.2559999999999,442.935,45.223999999999997
2026-01-17 15:00:00,2650.0909999999999,1910.2629999999999,451.77699999999999,45.036000000000001
2026-01-17 16:00:00,3078.634,1720.7149999999999,459.09199999999998,45.737000000000002
2026-01-17 17:00:00,3155.636,1407.191,455.04000000000002,45.656999999999996
2026-01-17 18:00:00,3216.5219999999999,689.71100000000001,434.01499999999999,45.151000000000003
2026-01-17 19:00:00,3046.3420000000001,50.572000000000003,376.09500000000003,44.838000000000001
2026-01-17 20:00:00,2683.6010000000001,0,356.54700000000003,44.128999999999998
2026-01-17 21:00:00,2528.4830000000002,0,324.96699999999998,44.271999999999998
2026-01-17 22:00:00,2260.2159999999999,0,72.442999999999998,44.191000000000003
2026-01-17 23:00:00,1843.1759999999999,0,87.632000000000005,43.649000000000001
2026-01-18 00:00:00,1736.6579999999999,0,38.866999999999997,42.231000000000002
2026-01-18 01:00:00,1532.2840000000001,0,39.162999999999997,40.351999999999997
2026-01-18 02:00:00,1395.857,0,39.225000000000001,41.406999999999996
2026-01-18 03:00:00,1448.22,0,39.198,42.951000000000001
2026-01-18 04:00:00,1335.1969999999999,0,43.012999999999998,41.911999999999999
2026-01-18 05:00:00,1326.1310000000001,2.5089999999999999,184.93799999999999,42.273000000000003
2026-01-18 06:00:00,1211.2850000000001,284.38200000000001,251.00399999999999,44.170999999999999
2026-01-18 07:00:00,1259.086,1276.914,264.26499999999999,45.369999999999997
2026-01-18 08:00:00,1111.9380000000001,1826.2639999999999,423.75900000000001,44.68
2026-01-18 09:00:00,1073.9079999999999,2083.3409999999999,464.54700000000003,45.057000000000002
2026-01-18 10:00:00,1057.6320000000001,2242.3530000000001,464.44799999999998,44.109000000000002
2026-01-18 11:00:00,1086.1020000000001,2366.9409999999998,464.60199999999998,41.189999999999998
2026-01-18 12:00:00,1157.751,2357.4110000000001,462.70400000000001,40.5
2026-01-18 13:00:00,1313.21,1770.5840000000001,465.90199999999999,41.560000000000002
2026-01-18 14:00:00,1511.2660000000001,1191.2360000000001,466.20499999999998,43.956000000000003
2026-01-18 15:00:00,1793.5070000000001,1056.425,467.28899999999999,44.590000000000003
2026-01-18 16:00:00,2136.4760000000001,1122.9770000000001,462.78100000000001,45.375
2026-01-18 17:00:00,2337.0770000000002,1375.615,452.65699999999998,45.283999999999999
2026-01-18 18:00:00,2563.6950000000002,697.351,436.10500000000002,44.661000000000001
2026-01-18 19:00:00,2706.3760000000002,52.851999999999997,372.96499999999997,44.524000000000001
2026-01-18 20:00:00,2459.5999999999999,0,359.83499999999998,44.598999999999997
2026-01-18 21:00:00,2134.9180000000001,0,365.42700000000002,44.811999999999998
2026-01-18 22:00:00,1977.942,0,105,44.713999999999999
2026-01-18 23:00:00,1937.8630000000001,0,88.301000000000002,44.201999999999998
2026-01-19 00:00:00,1913.4449999999999,0,39.506999999999998,42.741
2026-01-19 01:00:00,1839.0619999999999,0,39.637999999999998,43.389000000000003
2026-01-19 02:00:00,1685.336,0,39.177,42.859000000000002
2026-01-19 03:00:00,1622.8309999999999,0,39.417999999999999,43.386000000000003
2026-01-19 04:00:00,1568.2159999999999,0,43.378999999999998,43.054000000000002
2026-01-19 05:00:00,1491.9079999999999,2.3580000000000001,193.524,43.082999999999998
2026-01-19 06:00:00,1461.009,291.50200000000001,252.29499999999999,44.048000000000002
2026-01-19 07:00:00,1103.413,1179.164,254.77500000000001,45.268999999999998
2026-01-19 08:00:00,781.54399999999998,1683.385,419.38099999999997,45.122999999999998
2026-01-19 09:00:00,567.66499999999996,1971.9300000000001,464.24299999999999,45.103000000000002
2026-01-19 10:00:00,496.38299999999998,2188.7370000000001,464.86099999999999,45.024000000000001
2026-01-19 11:00:00,456.45299999999997,2235.9760000000001,462.358,45.585999999999999
2026-01-19 12:00:00,529.99199999999996,2203.8620000000001,462.72300000000001,44.850000000000001
2026-01-19 13:00:00,729.70600000000002,2231.8470000000002,461.85399999999998,45.701999999999998
2026-01-19 14:00:00,994.49000000000001,2151.1039999999998,459.41300000000001,45.305
2026-01-19 15:00:00,1202.0039999999999,2009.2850000000001,460.69600000000003,45.293999999999997
2026-01-19 16:00:00,1609.8050000000001,1793.847,448.20100000000002,44.497
2026-01-19 17:00:00,2051.462,1437.1479999999999,376.291,44.889000000000003
2026-01-19 18:00:00,2303.7150000000001,665.66600000000005,427.55399999999997,42.899999999999999
2026-01-19 19:00:00,2518.538,50.253,376.44099999999997,44.191000000000003
2026-01-19 20:00:00,2564.373,0,374.66699999999997,45.472000000000001
2026-01-19 21:00:00,2521.5990000000002,0,350.27199999999999,45.220999999999997
2026-01-19 22:00:00,2369.174,0,104.73,45.259
2026-01-19 23:00:00,2094.8359999999998,0,77.090999999999994,45.457999999999998
2026-01-20 00:00:00,2050.3620000000001,0,32.927999999999997,43.460999999999999
2026-01-20 01:00:00,1950.606,0,31.837,42.956000000000003
2026-01-20 02:00:00,1965.046,0,31.553000000000001,42.859000000000002
2026-01-20 03:00:00,2119.163,0,31.425000000000001,43.116999999999997
2026-01-20 04:00:00,2117.1170000000002,0,35.341999999999999,44.386000000000003
2026-01-20 05:00:00,2156.2280000000001,1.681,154.233,46.241999999999997
2026-01-20 06:00:00,2131.0659999999998,231.43899999999999,253.71199999999999,46.494
2026-01-20 07:00:00,1959.472,1048.412,266.81599999999997,44.511000000000003
2026-01-20 08:00:00,2007.6880000000001,1598.4849999999999,381.38499999999999,43.871000000000002
2026-01-20 09:00:00,2018.5650000000001,1899.126,439.49799999999999,44.295999999999999
2026-01-20 10:00:00,1908.1559999999999,2104.4400000000001,446.06599999999997,44.145000000000003
2026-01-20 11:00:00,1765.588,2200.6190000000001,446.52999999999997,43.591000000000001
2026-01-20 12:00:00,1587.7170000000001,2218.3499999999999,432.18200000000002,43.305999999999997
2026-01-20 13:00:00,1484.9659999999999,2171.5569999999998,415.14400000000001,43.57
2026-01-20 14:00:00,1440.4380000000001,2046.8989999999999,421.41699999999997,44.579999999999998
2026-01-20 15:00:00,1547.5940000000001,1873.8309999999999,445.73399999999998,43.746000000000002
2026-01-20 16:00:00,1755.098,1636.8199999999999,454.05500000000001,45.106000000000002
2026-01-20 17:00:00,1929.0060000000001,1305.7249999999999,409.23000000000002,44.755000000000003
2026-01-20 18:00:00,2078.9580000000001,619.63499999999999,350.78300000000002,43.341000000000001
2026-01-20 19:00:00,2300.8040000000001,47.902000000000001,300.40699999999998,41.195
2026-01-20 20:00:00,2328.4050000000002,0,294.89800000000002,44.207999999999998
2026-01-20 21:00:00,2283.8980000000001,0,289.58100000000002,43.808
2026-01-20 22:00:00,2254.8009999999999,0,92.257000000000005,45.314999999999998
2026-01-20 23:00:00,2247.1280000000002,0,72.609999999999999,45.164000000000001
2026-01-21 00:00:00,2122.2979999999998,0,31.300000000000001,44.814
2026-01-21 01:00:00,2110.7579999999998,0,31.309000000000001,44.405000000000001
2026-01-21 02:00:00,2067.596,0,31.265999999999998,44.976999999999997
2026-01-21 03:00:00,1954.3610000000001,0,31.321999999999999,44.969000000000001
2026-01-21 04:00:00,1844.9659999999999,0,43.957999999999998,44.557000000000002
2026-01-21 05:00:00,1768.8520000000001,1.5760000000000001,94.400999999999996,44.762999999999998
2026-01-21 06:00:00,1660.1369999999999,227.90899999999999,159.10400000000001,45.326999999999998
2026-01-21 07:00:00,1537.779,999.01599999999996,176.47,44.845999999999997
2026-01-21 08:00:00,1365.1099999999999,1589.9659999999999,312.34399999999999,43.524000000000001
2026-01-21 09:00:00,1170.373,1907.7570000000001,422.12700000000001,42.753999999999998
2026-01-21 10:00:00,1047.8530000000001,2063.9659999999999,438.05200000000002,42.490000000000002
2026-01-21 11:00:00,988.54100000000005,2123.982,430.59199999999998,42.725000000000001
2026-01-21 12:00:00,1037.0150000000001,2050.3850000000002,431.416,41.027000000000001
2026-01-21 13:00:00,1221.606,1907.748,413.42000000000002,39.298000000000002
2026-01-21 14:00:00,1263.5450000000001,1863.0699999999999,415.14600000000002,40.933999999999997
2026-01-21 15:00:00,1513.539,1507.9870000000001,389.20999999999998,41.225000000000001
2026-01-21 16:00:00,1896.588,1308.5840000000001,390.25900000000001,41.863
2026-01-21 17:00:00,1977.598,902.11500000000001,388.13200000000001,39.664000000000001
2026-01-21 18:00:00,2145.5309999999999,432.52100000000002,387.916,40.683999999999997
2026-01-21 19:00:00,1925.539,45.886000000000003,356.18900000000002,42.624000000000002
2026-01-21 20:00:00,1699.7280000000001,0.001,346.15600000000001,40.231000000000002
2026-01-21 21:00:00,1389.732,0,335.15600000000001,39.414000000000001
2026-01-21 22:00:00,964.56399999999996,0,83.808000000000007,39.094000000000001
2026-01-21 23:00:00,831.04600000000005,0,73.810000000000002,38.024000000000001
2026-01-22 00:00:00,902.83500000000004,0,31.797999999999998,39.119999999999997
2026-01-22 01:00:00,1024.866,0,25.399999999999999,38.229999999999997
2026-01-22 02:00:00,1138.4110000000001,0,25.431999999999999,37.584000000000003
2026-01-22 03:00:00,1358.759,0,25.431999999999999,36.950000000000003
2026-01-22 04:00:00,1410.3050000000001,0,31.111000000000001,37.987000000000002
2026-01-22 05:00:00,1477.7739999999999,1.23,68.260999999999996,39.637
2026-01-22 06:00:00,1515.2660000000001,221.15199999999999,66.031000000000006,40.018999999999998
2026-01-22 07:00:00,1563.7660000000001,1182.78,145.517,40.643000000000001
2026-01-22 08:00:00,1810.502,1801.0360000000001,268.54899999999998,40.795000000000002
2026-01-22 09:00:00,2177.6500000000001,2044.319,419.87299999999999,39.204999999999998
2026-01-22 10:00:00,2469.8760000000002,2209.2049999999999,441.697,37.929000000000002
2026-01-22 11:00:00,2656.2289999999998,2298.5700000000002,444.24000000000001,38.615000000000002
2026-01-22 12:00:00,2915.9470000000001,2315.79,442.58600000000001,38.572000000000003
2026-01-22 13:00:00,3081.2579999999998,2268.4920000000002,442.24900000000002,38.369999999999997
2026-01-22 14:00:00,3176.1210000000001,2124.915,431.11200000000002,40.673999999999999
2026-01-22 15:00:00,3195.7420000000002,1993.105,296.38299999999998,41.109000000000002
2026-01-22 16:00:00,3152.4459999999999,1687.9390000000001,294.65600000000001,41.311
2026-01-22 17:00:00,3149.9940000000001,1346.144,404.642,44.017000000000003
2026-01-22 18:00:00,3021.6179999999999,628.90300000000002,395.32400000000001,44.530000000000001
2026-01-22 19:00:00,2871.067,45.893999999999998,363.11500000000001,43.728000000000002
2026-01-22 20:00:00,2471.46,0,361.60399999999998,43.201000000000001
2026-01-22 21:00:00,2192.0050000000001,0,340.36099999999999,43.682000000000002
2026-01-22 22:00:00,1882.8,0,87.569999999999993,43.298999999999999
2026-01-22 23:00:00,1465.393,0,37.732999999999997,42.991999999999997
2026-01-23 00:00:00,1228.6700000000001,0,25.454000000000001,42.161999999999999
2026-01-23 01:00:00,1064.5160000000001,0,0,42.249000000000002
2026-01-23 02:00:00,825.24400000000003,0,0,42.334000000000003
2026-01-23 03:00:00,708.33900000000006,0,0,42.341000000000001
2026-01-23 04:00:00,582.28899999999999,0,0.80600000000000005,43.023000000000003
2026-01-23 05:00:00,419.60500000000002,2.0190000000000001,40.755000000000003,42.045999999999999
2026-01-23 06:00:00,308.08100000000002,280.47899999999998,118.057,42.396000000000001
2026-01-23 07:00:00,278.28800000000001,1257.088,218.429,43.348999999999997
2026-01-23 08:00:00,318.43799999999999,1902.1780000000001,403.04599999999999,43.936
2026-01-23 09:00:00,282.06900000000002,2209.6970000000001,450.38400000000001,44.057000000000002
2026-01-23 10:00:00,318.68599999999998,2331.8789999999999,453.31,44.473999999999997
2026-01-23 11:00:00,412.70299999999997,2457.3780000000002,450.73700000000002,44.057000000000002
2026-01-23 12:00:00,560.255,2475.4059999999999,451.238,43.573
2026-01-23 13:00:00,738.529,2382.3899999999999,448.52199999999999,43.219999999999999
2026-01-23 14:00:00,935.31899999999996,2268.777,445.245,42.369999999999997
2026-01-23 15:00:00,1135.452,2171.5239999999999,452.25299999999999,43.021000000000001
2026-01-23 16:00:00,1418.0429999999999,1934.825,451.97699999999998,43.218000000000004
2026-01-23 17:00:00,1704.634,1534.1479999999999,430.37400000000002,43.436999999999998
2026-01-23 18:00:00,1841.952,672.14099999999996,421.18099999999998,42.805999999999997
2026-01-23 19:00:00,1704.749,45.601999999999997,357.62,43.746000000000002
2026-01-23 20:00:00,1582.432,0,299.23899999999998,44.929000000000002
2026-01-23 21:00:00,1493.989,0,259.76900000000001,43.871000000000002
2026-01-23 22:00:00,1329.6880000000001,0,45.728999999999999,44.264000000000003
2026-01-23 23:00:00,1084.367,0,63.942999999999998,44.481999999999999
2026-01-24 00:00:00,814.197,0,57.722000000000001,43.353999999999999
2026-01-24 01:00:00,719.52099999999996,0,2.4329999999999998,42.936999999999998
2026-01-24 02:00:00,619.22500000000002,0,0,42.679000000000002
2026-01-24 03:00:00,491.71699999999998,0,0,43.328000000000003
2026-01-24 04:00:00,541.79499999999996,0,8.7409999999999997,43.061999999999998
2026-01-24 05:00:00,589.30700000000002,1.883,105.824,43.335000000000001
2026-01-24 06:00:00,594.43100000000004,299.95699999999999,176.60300000000001,44.453000000000003
2026-01-24 07:00:00,401.50900000000001,1333.931,253.74100000000001,44.728999999999999
2026-01-24 08:00:00,287.428,1918.9739999999999,338.42099999999999,44.881999999999998
2026-01-24 09:00:00,222.74299999999999,2181.8069999999998,348.48899999999998,44.417000000000002
2026-01-24 10:00:00,154.09399999999999,2324.7240000000002,348.82499999999999,44.250999999999998
2026-01-24 11:00:00,135.61699999999999,2362.8600000000001,346.05900000000003,44.695999999999998
2026-01-24 12:00:00,171.047,2417.299,346.06900000000002,44.581000000000003
2026-01-24 13:00:00,266.58499999999998,2400.473,383.31,43.103999999999999
2026-01-24 14:00:00,400.14800000000002,2347.8130000000001,442.58600000000001,43.848999999999997
2026-01-24 15:00:00,511.56900000000002,2219.2930000000001,446.03199999999998,44.078000000000003
2026-01-24 16:00:00,622.77499999999998,1958.413,439.62599999999998,44.597999999999999
2026-01-24 17:00:00,858.52700000000004,1533.9670000000001,426.25700000000001,44.499000000000002
2026-01-24 18:00:00,1330.7909999999999,663.21100000000001,406.78300000000002,44.585000000000001
2026-01-24 19:00:00,1572.3019999999999,43.438000000000002,360.91699999999997,43.972999999999999
2026-01-24 20:00:00,1721.577,0,352.27300000000002,43.340000000000003
2026-01-24 21:00:00,1571.741,0,292.00799999999998,44.171999999999997
2026-01-24 22:00:00,1340.45,0,23.747,44.863999999999997
2026-01-24 23:00:00,1129.4659999999999,0,22.516999999999999,43.856999999999999
2026-01-25 00:00:00,985.75599999999997,0,22.599,43.567999999999998
2026-01-25 01:00:00,832.11699999999996,0,22.347999999999999,42.106999999999999
2026-01-25 02:00:00,677.66499999999996,0,22.530000000000001,42.624000000000002
2026-01-25 03:00:00,665.29100000000005,0,22.826000000000001,43.188000000000002
2026-01-25 04:00:00,708.77999999999997,0,29.867999999999999,42.463999999999999
2026-01-25 05:00:00,747.34699999999998,1.5189999999999999,173.78899999999999,42.029000000000003
2026-01-25 06:00:00,605.74000000000001,276.41699999999997,235.00700000000001,42.569000000000003
2026-01-25 07:00:00,460.31799999999998,1258.548,224.86099999999999,43.119999999999997
2026-01-25 08:00:00,398.59800000000001,1866.787,362.10899999999998,41.779000000000003
2026-01-25 09:00:00,347.06200000000001,2138.6909999999998,431.91500000000002,42.835999999999999
2026-01-25 10:00:00,351.916,2295.5999999999999,435.68000000000001,43.048000000000002
2026-01-25 11:00:00,468.37400000000002,2383.319,435.18200000000002,42.936
2026-01-25 12:00:00,596.245,2005.768,427.017,42.061999999999998
2026-01-25 13:00:00,798.98500000000001,1721.7080000000001,415.00400000000002,43.063000000000002
2026-01-25 14:00:00,1051.644,1643.268,401.74200000000002,43.017000000000003
2026-01-25 15:00:00,1323.95,1542.827,399.75900000000001,43.024999999999999
2026-01-25 16:00:00,1523.55,1338.539,383.18299999999999,42.048000000000002
2026-01-25 17:00:00,1745.3,1258.549,405.976,41.816000000000003
2026-01-25 18:00:00,1814.309,586.226,399.28399999999999,42.726999999999997
2026-01-25 19:00:00,1753.4960000000001,39.838999999999999,354.14999999999998,42.482999999999997
2026-01-25 20:00:00,1588.75,0,345.38299999999998,42.718000000000004
2026-01-25 21:00:00,1391.4280000000001,0,328.25299999999999,43.030000000000001
2026-01-25 22:00:00,1093.078,0,82.271000000000001,42.029000000000003
2026-01-25 23:00:00,840.26800000000003,0,59.551000000000002,42.237000000000002
2026-01-26 00:00:00,598.41099999999994,0,25.41,42.844000000000001
2026-01-26 01:00:00,497.87400000000002,0,24.899999999999999,42.600000000000001
2026-01-26 02:00:00,458.22800000000001,0,25.062999999999999,42.734000000000002
2026-01-26 03:00:00,377.971,0,24.917000000000002,42.493000000000002
2026-01-26 04:00:00,391.90100000000001,0,24.952999999999999,42.454000000000001
2026-01-26 05:00:00,345.61599999999999,1.2330000000000001,13.308,42.481000000000002
2026-01-26 06:00:00,520.27300000000002,224.50299999999999,0,42.508000000000003
2026-01-26 07:00:00,674.83199999999999,1117.569,18.338999999999999,42.168999999999997
2026-01-26 08:00:00,765.80499999999995,1626.319,185.49600000000001,41.551000000000002
2026-01-26 09:00:00,1214.7370000000001,1993.0219999999999,251.81800000000001,41.808999999999997
2026-01-26 10:00:00,1624.732,2089.0189999999998,246.434,42.515000000000001
2026-01-26 11:00:00,2011.654,2257.1500000000001,256.166,42.649000000000001
2026-01-26 12:00:00,2202.1010000000001,2099.163,277.11900000000003,42.093000000000004
2026-01-26 13:00:00,2253.9810000000002,2043.2840000000001,323.64600000000002,42.552999999999997
2026-01-26 14:00:00,2366.078,1772.9739999999999,265.82299999999998,42.087000000000003
2026-01-26 15:00:00,2234.0859999999998,1377.5039999999999,238.86199999999999,41.073999999999998
2026-01-26 16:00:00,2296.7080000000001,1242.0329999999999,264.238,40.936
2026-01-26 17:00:00,2280.2939999999999,827.53800000000001,304.47199999999998,42.125
2026-01-26 18:00:00,1883.1210000000001,277.12400000000002,326.17099999999999,42.076000000000001
2026-01-26 19:00:00,1613.1959999999999,16.146999999999998,292.262,43.228000000000002
2026-01-26 20:00:00,1603.336,0,282.58699999999999,43.854999999999997
2026-01-26 21:00:00,1417.7090000000001,0,203.226,42.752000000000002
2026-01-26 22:00:00,1376.731,0,25.556999999999999,43.353000000000002
2026-01-26 23:00:00,1429.5060000000001,0,22.588999999999999,42.997999999999998
2026-01-27 00:00:00,1426.0219999999999,0,22.721,42.615000000000002
2026-01-27 01:00:00,1383.7760000000001,0,13.734,42.311999999999998
2026-01-27 02:00:00,1238.8889999999999,0,0,42.100000000000001
2026-01-27 03:00:00,1120.0050000000001,0,0,42.194000000000003
2026-01-27 04:00:00,1060.828,0,0,42.762
2026-01-27 05:00:00,999.98699999999997,0.46700000000000003,21.561,42.783000000000001
2026-01-27 06:00:00,787.98500000000001,183.065,83.697000000000003,42.587000000000003
2026-01-27 07:00:00,683.98099999999999,1055.7159999999999,89.638999999999996,42.085999999999999
2026-01-27 08:00:00,633.63900000000001,1756.269,194.68000000000001,40.523000000000003
2026-01-27 09:00:00,701.37800000000004,2023.2829999999999,347.56599999999997,40.469000000000001
2026-01-27 10:00:00,718.14999999999998,2244.4569999999999,404.11599999999999,40.460000000000001
2026-01-27 11:00:00,793.00099999999998,2420.7310000000002,411.32999999999998,40.402999999999999
2026-01-27 12:00:00,916.74199999999996,2351.6469999999999,408.44,40.802999999999997
2026-01-27 13:00:00,1179.057,2172.5599999999999,384.70999999999998,39.598999999999997
2026-01-27 14:00:00,1345.3610000000001,2010.3009999999999,369.75200000000001,41.168999999999997
2026-01-27 15:00:00,1680.502,1852.271,378.75299999999999,39.799999999999997
2026-01-27 16:00:00,1692.288,1537.5250000000001,378.88200000000001,37.694000000000003
2026-01-27 17:00:00,1616.54,1179.2660000000001,371.76600000000002,38.637999999999998
2026-01-27 18:00:00,1765.5219999999999,534.47299999999996,364.10500000000002,38.692999999999998
2026-01-27 19:00:00,1977.423,34.875,338.83199999999999,38.186
2026-01-27 20:00:00,1739.8920000000001,0,335.47800000000001,41.594999999999999
2026-01-27 21:00:00,1465.325,0,310.267,42.673000000000002
2026-01-27 22:00:00,1299.855,0,81.745000000000005,42.709000000000003
2026-01-27 23:00:00,1237.4929999999999,0,61.694000000000003,42.658000000000001
2026-01-28 00:00:00,1205.3219999999999,0,22.707999999999998,42.539000000000001
2026-01-28 01:00:00,1258.492,0,22.407,42.747
2026-01-28 02:00:00,1362.5050000000001,0,22.398,43.118000000000002
2026-01-28 03:00:00,1420.979,0,22.364999999999998,42.737000000000002
2026-01-28 04:00:00,1295.2729999999999,0,22.498000000000001,42.634999999999998
2026-01-28 05:00:00,1051.0799999999999,0.63400000000000001,53.899999999999999,42.448
2026-01-28 06:00:00,974.95799999999997,217.548,62.024999999999999,35.887999999999998
2026-01-28 07:00:00,855.23299999999995,1152.9369999999999,68.040000000000006,35.970999999999997
2026-01-28 08:00:00,727.79399999999998,1825.1420000000001,166.72399999999999,33.799999999999997
2026-01-28 09:00:00,604.62300000000005,2159.596,339.363,38.198
2026-01-28 10:00:00,653.24699999999996,2295.75,369.74200000000002,42.652000000000001
2026-01-28 11:00:00,738.62800000000004,2378.9899999999998,353.39100000000002,42.261000000000003
2026-01-28 12:00:00,939.78300000000002,2237.2469999999998,337.74400000000003,41.293999999999997
2026-01-28 13:00:00,1102.712,2141.5639999999999,371.78699999999998,42.005000000000003
2026-01-28 14:00:00,1313.1420000000001,1944.5250000000001,447.55900000000003,41.573999999999998
2026-01-28 15:00:00,1426.7139999999999,1721.836,430.62,41.231000000000002
2026-01-28 16:00:00,1540.4739999999999,1414.6099999999999,481.041,41.286000000000001
2026-01-28 17:00:00,1727.848,1022.729,493.11500000000001,40.719999999999999
2026-01-28 18:00:00,2275.1900000000001,466.95100000000002,470.26999999999998,39.709000000000003
2026-01-28 19:00:00,2147.9670000000001,26.463000000000001,441.57400000000001,39.146000000000001
2026-01-28 20:00:00,1911.8230000000001,0,432.40800000000002,39.677
2026-01-28 21:00:00,1953.769,0,345.62799999999999,41.511000000000003
2026-01-28 22:00:00,1884.1959999999999,0,83.293000000000006,42.085999999999999
2026-01-28 23:00:00,1582.4449999999999,0,54.609000000000002,40.673000000000002
2026-01-29 00:00:00,1626.421,0,20.870000000000001,42.119999999999997
2026-01-29 01:00:00,1718.5909999999999,0,20.620000000000001,41.917000000000002
2026-01-29 02:00:00,1653.7449999999999,0,20.689,42.267000000000003
2026-01-29 03:00:00,1672.0840000000001,0,20.736999999999998,41.716000000000001
2026-01-29 04:00:00,1602.2639999999999,0,20.895,41.441000000000003
2026-01-29 05:00:00,1529.848,0.33700000000000002,51.021000000000001,41.402000000000001
2026-01-29 06:00:00,1580.268,154.39400000000001,60.390999999999998,41.582999999999998
2026-01-29 07:00:00,1542.6579999999999,826.16700000000003,53.036000000000001,41.459000000000003
2026-01-29 08:00:00,1230.3800000000001,1362.306,95.459000000000003,42.564
2026-01-29 09:00:00,1196.1010000000001,1729.231,183.86799999999999,43.243000000000002
2026-01-29 10:00:00,1093.8340000000001,2003.992,208.119,41.462000000000003
2026-01-29 11:00:00,928.92700000000002,2114.1709999999998,272.21800000000002,43.170999999999999
2026-01-29 12:00:00,1011.274,2005.133,296.61700000000002,42.558
2026-01-29 13:00:00,1248.683,1821.376,322.55900000000003,42.366
2026-01-29 14:00:00,1455.5319999999999,1632.1279999999999,315.14499999999998,42.387999999999998
2026-01-29 15:00:00,1729.7180000000001,1537.0070000000001,313.95600000000002,42.204999999999998
2026-01-29 16:00:00,1928.883,1331.26,421.5,41.033999999999999
2026-01-29 17:00:00,2035.1110000000001,1053.3240000000001,462.29399999999998,43.404000000000003
2026-01-29 18:00:00,2072.973,465.154,459.44400000000002,40.612000000000002
2026-01-29 19:00:00,2030.864,31.085000000000001,440.089,41.808
2026-01-29 20:00:00,1981.6579999999999,0,429.51100000000002,42.828000000000003
2026-01-29 21:00:00,1794.704,0,327.47399999999999,42.948999999999998
2026-01-29 22:00:00,1445.72,0,73.033000000000001,43.485999999999997
2026-01-29 23:00:00,1446.3579999999999,0,28.228999999999999,43.279000000000003
2026-01-30 00:00:00,1592.444,0,19.873000000000001,43.271999999999998
2026-01-30 01:00:00,1587.962,0,20.027999999999999,43.104999999999997
2026-01-30 02:00:00,1575.3219999999999,0,20.324000000000002,43.453000000000003
2026-01-30 03:00:00,1505.951,0,20.539000000000001,43.648000000000003
2026-01-30 04:00:00,1162.9849999999999,0,20.524000000000001,43.155000000000001
2026-01-30 05:00:00,1005.5069999999999,0.52400000000000002,11.896000000000001,42.642000000000003
2026-01-30 06:00:00,788.64099999999996,192.892,5.6529999999999996,39.811999999999998
2026-01-30 07:00:00,694.601,1059.2470000000001,102.01600000000001,38.207999999999998
2026-01-30 08:00:00,662.98199999999997,1726.405,204.26599999999999,37.805
2026-01-30 09:00:00,579.68899999999996,2093.1190000000001,322.85199999999998,40.259
2026-01-30 10:00:00,561.71199999999999,2260.8240000000001,356.63,42.848999999999997
2026-01-30 11:00:00,636.47799999999995,2361.6790000000001,423.05500000000001,42.923000000000002
2026-01-30 12:00:00,810.97699999999998,2400.8710000000001,504.68099999999998,42.652999999999999
2026-01-30 13:00:00,959.33600000000001,2338.4050000000002,520.30999999999995,42.220999999999997
2026-01-30 14:00:00,1270.7449999999999,2077.3710000000001,513.03099999999995,42.155999999999999
2026-01-30 15:00:00,1512.249,1900.4870000000001,512.26700000000005,42.387999999999998
2026-01-30 16:00:00,1611.491,1582.1020000000001,447.13299999999998,41.530000000000001
2026-01-30 17:00:00,1839.0409999999999,1200.903,453.86399999999998,40.247
2026-01-30 18:00:00,2055.21,560.38099999999997,448.42200000000003,40.284999999999997
2026-01-30 19:00:00,2214.1489999999999,29.605,445.01900000000001,40.756
2026-01-30 20:00:00,2031.048,0,445.55900000000003,40.618000000000002
2026-01-30 21:00:00,1697.194,0,411.5,42.630000000000003
2026-01-30 22:00:00,1583.6110000000001,0,26.138999999999999,42.351999999999997
2026-01-30 23:00:00,1470.788,0,21.863,43.878
2026-01-31 00:00:00,1413.635,0,22.885000000000002,43.026000000000003
2026-01-31 01:00:00,1350.681,0,23.074000000000002,43.435000000000002
2026-01-31 02:00:00,1383.454,0,21.893999999999998,43.131999999999998
2026-01-31 03:00:00,1310.915,0,23.972000000000001,43.252000000000002
2026-01-31 04:00:00,1183.194,0,11.369999999999999,43.186
2026-01-31 05:00:00,1082.3620000000001,0.25,0,42.579000000000001
2026-01-31 06:00:00,967.94799999999998,192.434,0,42.802
2026-01-31 07:00:00,778.30200000000002,1130.692,41.139000000000003,42.817999999999998
2026-01-31 08:00:00,667.34799999999996,1828.107,212.52099999999999,42.987000000000002
2026-01-31 09:00:00,553.35699999999997,2099.4789999999998,401.161,42.933999999999997
2026-01-31 10:00:00,461.60599999999999,2264.6590000000001,430.59699999999998,42.731999999999999
2026-01-31 11:00:00,455.096,2291.0619999999999,411.50999999999999,43.081000000000003
2026-01-31 12:00:00,569.76900000000001,2307.0390000000002,317.58199999999999,43.411999999999999
2026-01-31 13:00:00,770.93600000000004,2178.2640000000001,270.34899999999999,43.033000000000001
2026-01-31 14:00:00,926.95899999999995,2122.0659999999998,357.62900000000002,43.924999999999997
2026-01-31 15:00:00,1199.086,1967.694,371.72699999999998,43.529000000000003
2026-01-31 16:00:00,1447.8150000000001,1712.2840000000001,416.52699999999999,43.680999999999997
2026-01-31 17:00:00,1675.461,1323.732,500.29500000000002,44.506
2026-01-31 18:00:00,2225.9479999999999,573.61099999999999,489.92099999999999,43.274999999999999
2026-01-31 19:00:00,2207.5940000000001,29.571999999999999,444.20400000000001,43.508000000000003
2026-01-31 20:00:00,2108.9360000000001,0,445.411,44.408000000000001
2026-01-31 21:00:00,2021.4559999999999,0,359.47300000000001,44.527999999999999
2026-01-31 22:00:00,1906.02,0,91.522999999999996,44.445
2026-01-31 23:00:00,1689.1959999999999,0,56.015999999999998,42.268000000000001
2026-02-01 00:00:00,1264.232,0,33.270000000000003,42.164000000000001
2026-02-01 01:00:00,1239.7560000000001,0,33.710000000000001,42.841000000000001
2026-02-01 02:00:00,1278.5820000000001,0,33.582999999999998,41.972000000000001
2026-02-01 03:00:00,1265.1679999999999,0,33.581000000000003,43.183999999999997
2026-02-01 04:00:00,1162.29,0,33.555,43.454999999999998
2026-02-01 05:00:00,1132.509,0.309,12.286,42.817999999999998
2026-02-01 06:00:00,1049.2260000000001,188.215,92.281999999999996,43.090000000000003
2026-02-01 07:00:00,727.44000000000005,1102.4190000000001,166.005,42.076000000000001
2026-02-01 08:00:00,487.483,1802.8140000000001,368.76499999999999,42.268999999999998
2026-02-01 09:00:00,408.79700000000003,2093.7979999999998,422.80700000000002,42.692999999999998
2026-02-01 10:00:00,414.666,1898.194,411.70299999999997,44.051000000000002
2026-02-01 11:00:00,681.60400000000004,1482.7660000000001,406.90100000000001,43.110999999999997
2026-02-01 12:00:00,1136.3800000000001,1470.0599999999999,427.49299999999999,43.406999999999996
2026-02-01 13:00:00,1534.202,1391.9870000000001,437.04599999999999,43.171999999999997
2026-02-01 14:00:00,1704.402,1331.248,431.16000000000003,42.442
2026-02-01 15:00:00,1828.0509999999999,1218.2090000000001,432.971,43.933
2026-02-01 16:00:00,2206.2640000000001,1023.688,419.56599999999997,43.299999999999997
2026-02-01 17:00:00,2451.9189999999999,953.33900000000006,426.96499999999997,43.034999999999997
2026-02-01 18:00:00,2325.2840000000001,535.61500000000001,405.27100000000002,42.927
2026-02-01 19:00:00,2060.0889999999999,25.773,364.14600000000002,41.811999999999998
2026-02-01 20:00:00,1817.7270000000001,0,357.66800000000001,41.893999999999998
2026-02-01 21:00:00,1471.0809999999999,0,332.72300000000001,41.545999999999999
2026-02-01 22:00:00,1300.2950000000001,0,92.790999999999997,42.359999999999999
2026-02-01 23:00:00,1137.1559999999999,0,64.186999999999998,41.387999999999998
2026-02-02 00:00:00,796.375,0,32.786999999999999,41.444000000000003
2026-02-02 01:00:00,577.80399999999997,0,32.847999999999999,41.420999999999999
2026-02-02 02:00:00,452.31099999999998,0,32.895000000000003,41.149000000000001
2026-02-02 03:00:00,380.33999999999997,0,33.082000000000001,41.036000000000001
2026-02-02 04:00:00,395.53399999999999,0,33.963999999999999,41.460999999999999
2026-02-02 05:00:00,362.59800000000001,0.246,70.939999999999998,41.075000000000003
2026-02-02 06:00:00,338.185,201.197,125.961,40.075000000000003
2026-02-02 07:00:00,306.27100000000002,1162.4870000000001,236.54300000000001,40.777000000000001
2026-02-02 08:00:00,334.48099999999999,1793.3209999999999,384.83300000000003,40.697000000000003
2026-02-02 09:00:00,425.08800000000002,2079.3899999999999,454.464,40.987000000000002
2026-02-02 10:00:00,460.00200000000001,2241.1869999999999,453.50400000000002,41.404000000000003
2026-02-02 11:00:00,566.31200000000001,2329.2440000000001,452.96600000000001,41.418999999999997
2026-02-02 12:00:00,758.50699999999995,2361.3560000000002,470.065,40.774999999999999
2026-02-02 13:00:00,1096.271,2296.3069999999998,520.995,40.835999999999999
2026-02-02 14:00:00,1384.383,2133.8800000000001,510.577,40.972000000000001
2026-02-02 15:00:00,1625.76,1991.086,521.36900000000003,40.642000000000003
2026-02-02 16:00:00,2034.1199999999999,1693.9069999999999,544.21199999999999,40.942
2026-02-02 17:00:00,2341.4479999999999,1296.874,540.82299999999998,41.509999999999998
2026-02-02 18:00:00,2252.4360000000001,534.36800000000005,516.65899999999999,41.259
2026-02-02 19:00:00,2028.8789999999999,21.585999999999999,469.58199999999999,41.292000000000002
2026-02-02 20:00:00,1804.0719999999999,0,466.483,41.271000000000001
2026-02-02 21:00:00,1616.029,0,442.13499999999999,41.493000000000002
2026-02-02 22:00:00,1408.6179999999999,0,116.41500000000001,40.896000000000001
2026-02-02 23:00:00,1230.4159999999999,0,70.658000000000001,41.619999999999997
2026-02-03 00:00:00,990.95899999999995,0,34.106999999999999,41.070999999999998
2026-02-03 01:00:00,950.48900000000003,0,34.331000000000003,40.594999999999999
2026-02-03 02:00:00,843.27499999999998,0,34.514000000000003,41.158999999999999
2026-02-03 03:00:00,696.98299999999995,0,34.591999999999999,40.970999999999997
2026-02-03 04:00:00,557.13599999999997,0,71.495999999999995,41.305999999999997
2026-02-03 05:00:00,558.53300000000002,0.317,200.59200000000001,41.185000000000002
2026-02-03 06:00:00,601.17399999999998,224.78800000000001,309.33600000000001,41.182000000000002
2026-02-03 07:00:00,667.36199999999997,1209.7329999999999,361.303,41.295999999999999
2026-02-03 08:00:00,523.20899999999995,1874.078,481.06099999999998,40.695999999999998
2026-02-03 09:00:00,494.62200000000001,2164.2269999999999,554.37,41.234999999999999
2026-02-03 10:00:00,573.78599999999994,2301.9079999999999,554.13499999999999,41.475999999999999
2026-02-03 11:00:00,534.09199999999998,2357.5430000000001,551.58100000000002,39.481999999999999
2026-02-03 12:00:00,419.98599999999999,2337.4229999999998,548.68100000000004,40.067
2026-02-03 13:00:00,546.92999999999995,2278.741,535.822,40.417000000000002
2026-02-03 14:00:00,667.697,2078.1089999999999,540.93499999999995,40.292000000000002
2026-02-03 15:00:00,937.21000000000004,1826.365,544.74800000000005,41.250999999999998
2026-02-03 16:00:00,1405.6220000000001,1506.432,544.077,40.752000000000002
2026-02-03 17:00:00,1828.23,1028.597,526.90800000000002,41.130000000000003
2026-02-03 18:00:00,2119.6799999999998,324.858,492.38,40.942999999999998
2026-02-03 19:00:00,1889.2090000000001,7.3860000000000001,469.291,41.253999999999998
2026-02-03 20:00:00,1497.4860000000001,0,466.68900000000002,40.595999999999997
2026-02-03 21:00:00,1403.944,0,439.46800000000002,40.597000000000001
2026-02-03 22:00:00,1288.847,0,114.913,39.701999999999998
2026-02-03 23:00:00,1189.2670000000001,0,73.060000000000002,39.390000000000001
2026-02-04 00:00:00,1151.98,0,38.558,39.677999999999997
2026-02-04 01:00:00,1104.4939999999999,0,38.956000000000003,39.137
2026-02-04 02:00:00,965.18700000000001,0,38.816000000000003,39.990000000000002
2026-02-04 03:00:00,710.41300000000001,0,38.704000000000001,40.014000000000003
2026-02-04 04:00:00,662.46699999999998,0,38.140000000000001,40.624000000000002
2026-02-04 05:00:00,640.65200000000004,0.20300000000000001,29.465,40.479999999999997
2026-02-04 06:00:00,775.87599999999998,175.08000000000001,152.411,40.520000000000003
2026-02-04 07:00:00,806.47699999999998,979.66200000000003,163.55500000000001,41.171999999999997
2026-02-04 08:00:00,813.78099999999995,1528.5830000000001,232.50999999999999,39.195999999999998
2026-02-04 09:00:00,722.82899999999995,1839.242,286.02199999999999,39.075000000000003
2026-02-04 10:00:00,611.18299999999999,2016.317,382.60899999999998,39.448999999999998
2026-02-04 11:00:00,572.99599999999998,2157.5120000000002,381.45499999999998,38.945
2026-02-04 12:00:00,622.54100000000005,2113.096,385.21499999999997,39.798999999999999
2026-02-04 13:00:00,932.90800000000002,1925.904,358.66399999999999,39.787999999999997
2026-02-04 14:00:00,1141.105,1567.4179999999999,308.72199999999998,39.215000000000003
2026-02-04 15:00:00,1298.838,1248.674,235.38800000000001,39.436999999999998
2026-02-04 16:00:00,1512.3579999999999,1036.8720000000001,233.53200000000001,38.518000000000001
2026-02-04 17:00:00,1698.394,513.84400000000005,411.11900000000003,39.744
2026-02-04 18:00:00,1364.9449999999999,121.857,409.733,39.296999999999997
2026-02-04 19:00:00,1148.2850000000001,4.6559999999999997,401.82600000000002,40.045999999999999
2026-02-04 20:00:00,1324.508,0,345.97699999999998,39.712000000000003
2026-02-04 21:00:00,1062.5050000000001,0,267.70299999999997,39.234999999999999
2026-02-04 22:00:00,926.90499999999997,0,50.027000000000001,38.954999999999998
2026-02-04 23:00:00,872.36400000000003,0,38.094999999999999,39.084000000000003
2026-02-05 00:00:00,1248.3389999999999,0,38.256,39.902000000000001
2026-02-05 01:00:00,1277.3910000000001,0,38.366999999999997,39.261000000000003
2026-02-05 02:00:00,1026.3440000000001,0,14.112,39.378
2026-02-05 03:00:00,984.37300000000005,0,0,39.648000000000003
2026-02-05 04:00:00,1002.242,0,0,38.994
2026-02-05 05:00:00,1202.703,0.16800000000000001,0,40.710000000000001
2026-02-05 06:00:00,1140.836,101.709,0,40.176000000000002
2026-02-05 07:00:00,992.75800000000004,560.75199999999995,1.99,40.128
2026-02-05 08:00:00,959.59100000000001,1108.729,59.258000000000003,39.915999999999997
2026-02-05 09:00:00,1042.1469999999999,1572.502,58.055,39.595999999999997
2026-02-05 10:00:00,1247.9059999999999,1761.4949999999999,81.725999999999999,38.276000000000003
2026-02-05 11:00:00,1606.6110000000001,1829.029,169.548,39.423999999999999
2026-02-05 12:00:00,1633.1769999999999,1866.559,232.97900000000001,38.332000000000001
2026-02-05 13:00:00,1632.029,1960.807,133.773,38.878
2026-02-05 14:00:00,1975.3630000000001,1825.068,94.079999999999998,39.386000000000003
2026-02-05 15:00:00,1958.829,1556.127,84.683000000000007,39.029000000000003
2026-02-05 16:00:00,1897.413,1208.5409999999999,135.90199999999999,39.954999999999998
2026-02-05 17:00:00,2002.1949999999999,857.65700000000004,223.78700000000001,40.134999999999998
2026-02-05 18:00:00,1745.201,278.58300000000003,277.09100000000001,38.805999999999997
2026-02-05 19:00:00,1573.875,16.606999999999999,206.47399999999999,39.984999999999999
2026-02-05 20:00:00,1216.326,0,100.699,40.338999999999999
2026-02-05 21:00:00,1277.9380000000001,0,95.010999999999996,39.728999999999999
2026-02-05 22:00:00,1253.1849999999999,0,5.7670000000000003,40.283000000000001
2026-02-05 23:00:00,1084.1590000000001,0,0,40.331000000000003
2026-02-06 00:00:00,1039.2260000000001,0,0,40.594000000000001
2026-02-06 01:00:00,927.77200000000005,0,0,40.698999999999998
2026-02-06 02:00:00,807.83900000000006,0,0,39.939999999999998
2026-02-06 03:00:00,802.37099999999998,0,0,39.741999999999997
2026-02-06 04:00:00,726.38099999999997,0,0,39.963999999999999
2026-02-06 05:00:00,618.17100000000005,0.157,0,37.613999999999997
2026-02-06 06:00:00,621.12400000000002,119.57299999999999,0,38.613999999999997
2026-02-06 07:00:00,452.14800000000002,768.76599999999996,0,39.270000000000003
2026-02-06 08:00:00,359.77300000000002,1203.8699999999999,26.422000000000001,39.334000000000003
2026-02-06 09:00:00,334.142,1559.365,45.585000000000001,39.335999999999999
2026-02-06 10:00:00,381.245,1795.4290000000001,47.404000000000003,39.633000000000003
2026-02-06 11:00:00,446.74700000000001,1834.9300000000001,57.270000000000003,39.734999999999999
2026-02-06 12:00:00,631.40800000000002,1836.0419999999999,85.5,40.484000000000002
2026-02-06 13:00:00,755.85599999999999,1696.982,82.215999999999994,39.357999999999997
2026-02-06 14:00:00,977.27499999999998,1608.3530000000001,60.673000000000002,39.835999999999999
2026-02-06 15:00:00,1240.8520000000001,1362.8900000000001,20.396999999999998,39.795000000000002
2026-02-06 16:00:00,1583.8099999999999,1067.8779999999999,15.756,39.219999999999999
2026-02-06 17:00:00,1766.317,679.125,169.315,39.777000000000001
2026-02-06 18:00:00,1750.7670000000001,170.88,188.04900000000001,41.551000000000002
2026-02-06 19:00:00,1606.8699999999999,12.888,186.751,42.159999999999997
2026-02-06 20:00:00,1315.894,0,108.279,42.715000000000003
2026-02-06 21:00:00,951.553,0,27.446000000000002,41.107999999999997
2026-02-06 22:00:00,721.18100000000004,0,0,42.246000000000002
2026-02-06 23:00:00,624.82299999999998,0,0,42.57
2026-02-07 00:00:00,575.88900000000001,0,0,41.598999999999997
2026-02-07 01:00:00,455.995,0,0,41.729999999999997
2026-02-07 02:00:00,380.49299999999999,0,0,41.811
2026-02-07 03:00:00,560.81799999999998,0,0,41.222999999999999
2026-02-07 04:00:00,569.33299999999997,0,27.5,41.469999999999999
2026-02-07 05:00:00,532.42100000000005,0.14999999999999999,58.399999999999999,42.286000000000001
2026-02-07 06:00:00,519.02700000000004,144.63499999999999,56.799999999999997,40.887999999999998
2026-02-07 07:00:00,520.46199999999999,926.25800000000004,57.348999999999997,41.494
2026-02-07 08:00:00,526.99000000000001,1332.9780000000001,117.896,35.466999999999999
2026-02-07 09:00:00,629.57100000000003,1552.3340000000001,265.32100000000003,35.741
2026-02-07 10:00:00,647.45699999999999,1846.4380000000001,355.57400000000001,39.350999999999999
2026-02-07 11:00:00,886.23400000000004,2043.989,375.50400000000002,40.369999999999997
2026-02-07 12:00:00,1122.979,2065.0790000000002,397.12900000000002,42.173999999999999
2026-02-07 13:00:00,1355.548,1954.471,403.15100000000001,39.813000000000002
2026-02-07 14:00:00,1488.7829999999999,1863.4200000000001,398.447,42.298999999999999
2026-02-07 15:00:00,1645.7170000000001,1594.2239999999999,381.15199999999999,42.625999999999998
2026-02-07 16:00:00,1539.9590000000001,1216.8,377.899,41.304000000000002
2026-02-07 17:00:00,1660.4169999999999,864.79300000000001,345.43599999999998,41.438000000000002
2026-02-07 18:00:00,1912.694,321.22399999999999,327.166,41.978999999999999
2026-02-07 19:00:00,1711.7070000000001,15.268000000000001,332.41399999999999,36.671999999999997
2026-02-07 20:00:00,1545.7919999999999,0,284.81700000000001,37.237000000000002
2026-02-07 21:00:00,1277.829,0,191.84100000000001,41.494
2026-02-07 22:00:00,979.17200000000003,0,10.555999999999999,41.756999999999998
2026-02-07 23:00:00,1025.432,0,0,41.814
2026-02-08 00:00:00,951.54300000000001,0,0,42.506999999999998
2026-02-08 01:00:00,958.471,0,0,40.933999999999997
2026-02-08 02:00:00,990.86599999999999,0,0,37.621000000000002
2026-02-08 03:00:00,806.35299999999995,0,0,34.965000000000003
2026-02-08 04:00:00,886.16700000000003,0,31,34.113999999999997
2026-02-08 05:00:00,1030.3679999999999,0.128,68.5,33.923000000000002
2026-02-08 06:00:00,1066.5029999999999,106.099,71.299999999999997,33.337000000000003
2026-02-08 07:00:00,1042.307,686.49900000000002,75.915999999999997,33.808999999999997
2026-02-08 08:00:00,1189.6279999999999,1142.1179999999999,121.803,34.700000000000003
2026-02-08 09:00:00,1172.8779999999999,1506.2,222.31,34.311
2026-02-08 10:00:00,1451.9259999999999,1623.0219999999999,309.28300000000002,34.338999999999999
2026-02-08 11:00:00,1479.0830000000001,1690.636,340.899,34.564999999999998
2026-02-08 12:00:00,1466.3409999999999,1730.259,325.60500000000002,34.203000000000003
2026-02-08 13:00:00,1566.5119999999999,1649.5899999999999,330.12900000000002,33.392000000000003
2026-02-08 14:00:00,1655.383,1493.2180000000001,334.5,34.134999999999998
2026-02-08 15:00:00,1676.096,1414.675,331.839,34.213000000000001
2026-02-08 16:00:00,1743.722,1145.97,315.99599999999998,33.682000000000002
2026-02-08 17:00:00,1726.3599999999999,763.02999999999997,345.947,34.133000000000003
2026-02-08 18:00:00,1738.904,224.852,402.77800000000002,34.152000000000001
2026-02-08 19:00:00,2170.7930000000001,8.657,251.07900000000001,33.341999999999999
2026-02-08 20:00:00,2368.9000000000001,0,175.529,34.097000000000001
2026-02-08 21:00:00,2266.1390000000001,0,122.02,34.366999999999997
2026-02-08 22:00:00,2097.3699999999999,0,58.755000000000003,34.238999999999997
2026-02-08 23:00:00,1979.595,0,25.001999999999999,34.991999999999997
2026-02-09 00:00:00,1884.9639999999999,0,0,34.054000000000002
2026-02-09 01:00:00,1832.943,0,0,34.616999999999997
2026-02-09 02:00:00,1530.4690000000001,0,0,35.048000000000002
2026-02-09 03:00:00,1606.367,0,0,34.442999999999998
2026-02-09 04:00:00,1741.9559999999999,0,39.921999999999997,34.5
2026-02-09 05:00:00,1731.0340000000001,6.7000000000000004E-2,133.03100000000001,34.149999999999999
2026-02-09 06:00:00,1397.163,96.673000000000002,140.404,33.292999999999999
2026-02-09 07:00:00,1238.557,619.42600000000004,134.18600000000001,34.018999999999998
2026-02-09 08:00:00,1187.0170000000001,1219.2080000000001,197.40600000000001,34.225000000000001
2026-02-09 09:00:00,1167.425,1447.894,287.065,32.700000000000003
2026-02-09 10:00:00,1202.568,1756.0989999999999,371.51100000000002,33.671999999999997
2026-02-09 11:00:00,1090.8430000000001,1795.4190000000001,415.75400000000002,13.766999999999999
2026-02-09 12:00:00,1078.7829999999999,1933.7919999999999,425.28899999999999,7.8929999999999998
2026-02-09 13:00:00,1185.7619999999999,1922.538,425.01100000000002,8.157
2026-02-09 14:00:00,976.86199999999997,1572.383,340.65899999999999,8.0609999999999999
2026-02-09 15:00:00,1194.5609999999999,1556.2629999999999,288.77300000000002,8.1940000000000008
2026-02-09 16:00:00,1654.7670000000001,1171.797,284.149,8.0739999999999998
2026-02-09 17:00:00,1703.3409999999999,854.55200000000002,365.32999999999998,9.4160000000000004
2026-02-09 18:00:00,1702.55,378.59100000000001,416.09500000000003,14.643000000000001
2026-02-09 19:00:00,1946.9010000000001,12.782,306.58199999999999,24.843
2026-02-09 20:00:00,1839.4480000000001,0,180.89400000000001,35.341000000000001
2026-02-09 21:00:00,1779.3510000000001,0,124.809,38.064
2026-02-09 22:00:00,1739.5899999999999,0,60.439,37.985999999999997
2026-02-09 23:00:00,1659.3969999999999,0,41.372,37.164999999999999
2026-02-10 00:00:00,1465.4839999999999,0,0,40.838000000000001
2026-02-10 01:00:00,1284.3520000000001,0,0,39.543999999999997
2026-02-10 02:00:00,1508.6220000000001,0,0,39.710000000000001
2026-02-10 03:00:00,1598.77,0,0,39.920999999999999
2026-02-10 04:00:00,1629.5540000000001,0,35.703000000000003,40.569000000000003
2026-02-10 05:00:00,1571.5989999999999,7.3999999999999996E-2,117.782,40.134999999999998
2026-02-10 06:00:00,1146.2670000000001,88.578000000000003,119.33799999999999,40.090000000000003
2026-02-10 07:00:00,676.18700000000001,638.76700000000005,117.982,39.978999999999999
2026-02-10 08:00:00,773.00199999999995,1220.6849999999999,241.477,40.017000000000003
2026-02-10 09:00:00,689.51199999999994,1463.4549999999999,398.22500000000002,39.237000000000002
2026-02-10 10:00:00,695.221,1699.895,480.97399999999999,39.484999999999999
2026-02-10 11:00:00,703.87199999999996,1799.0239999999999,489.66300000000001,39.819000000000003
2026-02-10 12:00:00,823.70899999999995,1824.28,474.03300000000002,38.744
2026-02-10 13:00:00,906.55700000000002,1792.577,476.04899999999998,39.822000000000003
2026-02-10 14:00:00,983.48199999999997,1708.7819999999999,453.654,38.726999999999997
2026-02-10 15:00:00,1012.785,1518.377,443.262,39.137
2026-02-10 16:00:00,1115.098,1355.1700000000001,400.83800000000002,39.801000000000002
2026-02-10 17:00:00,1362.2539999999999,972.31700000000001,392.33300000000003,39.308
2026-02-10 18:00:00,1434.405,381.68099999999998,370.94,39.192999999999998
2026-02-10 19:00:00,1631.9929999999999,9.5869999999999997,297.30500000000001,39.436999999999998
2026-02-10 20:00:00,1616.077,0,315.69600000000003,40.646999999999998
2026-02-10 21:00:00,1531.1310000000001,0,251.167,39.283000000000001
2026-02-10 22:00:00,1371.663,0,93.670000000000002,38.270000000000003
2026-02-10 23:00:00,1302.8620000000001,0,65.292000000000002,39.898000000000003
2026-02-11 00:00:00,0,0,0,0
2026-02-11 01:00:00,0,0,0,0
2026-02-11 02:00:00,0,0,0,0
2026-02-11 03:00:00,0,0,0,0
2026-02-11 04:00:00,0,0,0,0
2026-02-11 05:00:00,0,0,0,0
2026-02-11 06:00:00,0,0,0,0
2026-02-11 07:00:00,0,0,0,0
2026-02-11 08:00:00,0,0,0,0
2026-02-11 09:00:00,0,0,0,0
2026-02-11 10:00:00,0,0,0,0
2026-02-11 11:00:00,0,0,0,0
2026-02-11 12:00:00,0,0,0,0
2026-02-11 13:00:00,0,0,0,0
2026-02-11 14:00:00,0,0,0,0
2026-02-11 15:00:00,0,0,0,0
2026-02-11 16:00:00,0,0,0,0
2026-02-11 17:00:00,0,0,0,0
2026-02-11 18:00:00,0,0,0,0
2026-02-11 19:00:00,0,0,0,0
2026-02-11 20:00:00,0,0,0,0
2026-02-11 21:00:00,0,0,0,0
2026-02-11 22:00:00,0,0,0,0
2026-02-11 23:00:00,0,0,0,0
2026-02-12 00:00:00,0,0,0,0
2026-02-12 01:00:00,0,0,0,0
2026-02-12 02:00:00,0,0,0,0
2026-02-12 03:00:00,0,0,0,0
2026-02-12 04:00:00,0,0,0,0
2026-02-12 05:00:00,0,0,0,0
2026-02-12 06:00:00,0,0,0,0
2026-02-12 07:00:00,0,0,0,0
2026-02-12 08:00:00,0,0,0,0
2026-02-12 09:00:00,0,0,0,0
2026-02-12 10:00:00,0,0,0,0
2026-02-12 11:00:00,0,0,0,0
2026-02-12 12:00:00,0,0,0,0
2026-02-12 13:00:00,0,0,0,0
2026-02-12 14:00:00,0,0,0,0
2026-02-12 15:00:00,0,0,0,0
2026-02-12 16:00:00,0,0,0,0
2026-02-12 17:00:00,0,0,0,0
2026-02-12 18:00:00,0,0,0,0
2026-02-12 19:00:00,0,0,0,0
2026-02-12 20:00:00,0,0,0,0
2026-02-12 21:00:00,0,0,0,0
2026-02-12 22:00:00,0,0,0,0
2026-02-12 23:00:00,0,0,0,0
2026-02-13 00:00:00,0,0,0,0
2026-02-13 01:00:00,0,0,0,0
2026-02-13 02:00:00,0,0,0,0
2026-02-13 03:00:00,0,0,0,0
2026-02-13 04:00:00,0,0,0,0
2026-02-13 05:00:00,0,0,0,0
2026-02-13 06:00:00,0,0,0,0
2026-02-13 07:00:00,0,0,0,0
2026-02-13 08:00:00,0,0,0,0
2026-02-13 09:00:00,0,0,0,0
2026-02-13 10:00:00,0,0,0,0
2026-02-13 11:00:00,0,0,0,0
2026-02-13 12:00:00,0,0,0,0
2026-02-13 13:00:00,0,0,0,0
2026-02-13 14:00:00,0,0,0,0
2026-02-13 15:00:00,0,0,0,0
2026-02-13 16:00:00,0,0,0,0
2026-02-13 17:00:00,0,0,0,0
2026-02-13 18:00:00,0,0,0,0
2026-02-13 19:00:00,0,0,0,0
2026-02-13 20:00:00,0,0,0,0
2026-02-13 21:00:00,0,0,0,0
2026-02-13 22:00:00,0,0,0,0
2026-02-13 23:00:00,0,0,0,0
2026-02-14 00:00:00,0,0,0,0
2026-02-14 01:00:00,0,0,0,0
2026-02-14 02:00:00,0,0,0,0
2026-02-14 03:00:00,0,0,0,0
2026-02-14 04:00:00,0,0,0,0
2026-02-14 05:00:00,0,0,0,0
2026-02-14 06:00:00,0,0,0,0
2026-02-14 07:00:00,0,0,0,0
2026-02-14 08:00:00,0,0,0,0
2026-02-14 09:00:00,0,0,0,0
2026-02-14 10:00:00,0,0,0,0
2026-02-14 11:00:00,0,0,0,0
2026-02-14 12:00:00,0,0,0,0
2026-02-14 13:00:00,0,0,0,0
2026-02-14 14:00:00,0,0,0,0
2026-02-14 15:00:00,0,0,0,0
2026-02-14 16:00:00,0,0,0,0
2026-02-14 17:00:00,0,0,0,0
2026-02-14 18:00:00,0,0,0,0
2026-02-14 19:00:00,0,0,0,0
2026-02-14 20:00:00,0,0,0,0
2026-02-14 21:00:00,0,0,0,0
2026-02-14 22:00:00,0,0,0,0
2026-02-14 23:00:00,0,0,0,0
2026-02-15 00:00:00,0,0,0,0
2026-02-15 01:00:00,0,0,0,0
2026-02-15 02:00:00,0,0,0,0
2026-02-15 03:00:00,0,0,0,0
2026-02-15 04:00:00,0,0,0,0
2026-02-15 05:00:00,0,0,0,0
2026-02-15 06:00:00,0,0,0,0
2026-02-15 07:00:00,0,0,0,0
2026-02-15 08:00:00,0,0,0,0
2026-02-15 09:00:00,0,0,0,0
2026-02-15 10:00:00,0,0,0,0
2026-02-15 11:00:00,0,0,0,0
2026-02-15 12:00:00,0,0,0,0
2026-02-15 13:00:00,0,0,0,0
2026-02-15 14:00:00,0,0,0,0
2026-02-15 15:00:00,0,0,0,0
2026-02-15 16:00:00,0,0,0,0
2026-02-15 17:00:00,0,0,0,0
2026-02-15 18:00:00,0,0,0,0
2026-02-15 19:00:00,0,0,0,0
2026-02-15 20:00:00,0,0,0,0
2026-02-15 21:00:00,0,0,0,0
2026-02-15 22:00:00,0,0,0,0
2026-02-15 23:00:00,0,0,0,0
2026-02-16 00:00:00,0,0,0,0
2026-02-16 01:00:00,0,0,0,0
2026-02-16 02:00:00,0,0,0,0
2026-02-16 03:00:00,0,0,0,0
2026-02-16 04:00:00,0,0,0,0
2026-02-16 05:00:00,0,0,0,0
2026-02-16 06:00:00,0,0,0,0
2026-02-16 07:00:00,0,0,0,0
2026-02-16 08:00:00,0,0,0,0
2026-02-16 09:00:00,0,0,0,0
2026-02-16 10:00:00,0,0,0,0
2026-02-16 11:00:00,0,0,0,0
2026-02-16 12:00:00,0,0,0,0
2026-02-16 13:00:00,0,0,0,0
2026-02-16 14:00:00,0,0,0,0
2026-02-16 15:00:00,0,0,0,0
2026-02-16 16:00:00,0,0,0,0
2026-02-16 17:00:00,0,0,0,0
2026-02-16 18:00:00,0,0,0,0
2026-02-16 19:00:00,0,0,0,0
2026-02-16 20:00:00,0,0,0,0
2026-02-16 21:00:00,0,0,0,0
2026-02-16 22:00:00,0,0,0,0
2026-02-16 23:00:00,0,0,0,0
2026-02-17 00:00:00,0,0,0,0
2026-02-17 01:00:00,0,0,0,0
2026-02-17 02:00:00,0,0,0,0
2026-02-17 03:00:00,0,0,0,0
2026-02-17 04:00:00,0,0,0,0
2026-02-17 05:00:00,0,0,0,0
2026-02-17 06:00:00,0,0,0,0
2026-02-17 07:00:00,0,0,0,0
2026-02-17 08:00:00,0,0,0,0
2026-02-17 09:00:00,0,0,0,0
2026-02-17 10:00:00,0,0,0,0
2026-02-17 11:00:00,0,0,0,0
2026-02-17 12:00:00,0,0,0,0
2026-02-17 13:00:00,0,0,0,0
2026-02-17 14:00:00,0,0,0,0
2026-02-17 15:00:00,0,0,0,0
2026-02-17 16:00:00,0,0,0,0
2026-02-17 17:00:00,0,0,0,0
2026-02-17 18:00:00,0,0,0,0
2026-02-17 19:00:00,0,0,0,0
2026-02-17 20:00:00,0,0,0,0
2026-02-17 21:00:00,0,0,0,0
2026-02-17 22:00:00,0,0,0,0
2026-02-17 23:00:00,0,0,0,0
2026-02-18 00:00:00,0,0,0,0
2026-02-18 01:00:00,0,0,0,0
2026-02-18 02:00:00,0,0,0,0
2026-02-18 03:00:00,0,0,0,0
2026-02-18 04:00:00,0,0,0,0
2026-02-18 05:00:00,0,0,0,0
2026-02-18 06:00:00,0,0,0,0
2026-02-18 07:00:00,0,0,0,0
2026-02-18 08:00:00,0,0,0,0
2026-02-18 09:00:00,0,0,0,0
2026-02-18 10:00:00,0,0,0,0
2026-02-18 11:00:00,0,0,0,0
2026-02-18 12:00:00,0,0,0,0
2026-02-18 13:00:00,0,0,0,0
2026-02-18 14:00:00,0,0,0,0
2026-02-18 15:00:00,0,0,0,0
2026-02-18 16:00:00,0,0,0,0
2026-02-18 17:00:00,0,0,0,0
2026-02-18 18:00:00,0,0,0,0
2026-02-18 19:00:00,0,0,0,0
2026-02-18 20:00:00,0,0,0,0
2026-02-18 21:00:00,0,0,0,0
2026-02-18 22:00:00,0,0,0,0
2026-02-18 23:00:00,0,0,0,0
2026-02-19 00:00:00,0,0,0,0
2026-02-19 01:00:00,0,0,0,0
2026-02-19 02:00:00,0,0,0,0
2026-02-19 03:00:00,0,0,0,0
2026-02-19 04:00:00,0,0,0,0
2026-02-19 05:00:00,0,0,0,0
2026-02-19 06:00:00,0,0,0,0
2026-02-19 07:00:00,0,0,0,0
2026-02-19 08:00:00,0,0,0,0
2026-02-19 09:00:00,0,0,0,0
2026-02-19 10:00:00,0,0,0,0
2026-02-19 11:00:00,0,0,0,0
2026-02-19 12:00:00,0,0,0,0
2026-02-19 13:00:00,0,0,0,0
2026-02-19 14:00:00,0,0,0,0
2026-02-19 15:00:00,0,0,0,0
2026-02-19 16:00:00,0,0,0,0
2026-02-19 17:00:00,0,0,0,0
2026-02-19 18:00:00,0,0,0,0
2026-02-19 19:00:00,0,0,0,0
2026-02-19 20:00:00,0,0,0,0
2026-02-19 21:00:00,0,0,0,0
2026-02-19 22:00:00,0,0,0,0
2026-02-19 23:00:00,0,0,0,0
2026-02-20 00:00:00,0,0,0,0
2026-02-20 01:00:00,0,0,0,0
2026-02-20 02:00:00,0,0,0,0
2026-02-20 03:00:00,0,0,0,0
2026-02-20 04:00:00,0,0,0,0
2026-02-20 05:00:00,0,0,0,0
2026-02-20 06:00:00,0,0,0,0
2026-02-20 07:00:00,0,0,0,0
2026-02-20 08:00:00,0,0,0,0
2026-02-20 09:00:00,0,0,0,0
2026-02-20 10:00:00,0,0,0,0
2026-02-20 11:00:00,0,0,0,0
2026-02-20 12:00:00,0,0,0,0
2026-02-20 13:00:00,0,0,0,0
2026-02-20 14:00:00,0,0,0,0
2026-02-20 15:00:00,0,0,0,0
2026-02-20 16:00:00,0,0,0,0
2026-02-20 17:00:00,0,0,0,0
2026-02-20 18:00:00,0,0,0,0
2026-02-20 19:00:00,0,0,0,0
2026-02-20 20:00:00,0,0,0,0
2026-02-20 21:00:00,0,0,0,0
2026-02-20 22:00:00,0,0,0,0
2026-02-20 23:00:00,0,0,0,0
2026-02-21 00:00:00,0,0,0,0
2026-02-21 01:00:00,0,0,0,0
2026-02-21 02:00:00,0,0,0,0
2026-02-21 03:00:00,0,0,0,0
2026-02-21 04:00:00,0,0,0,0
2026-02-21 05:00:00,0,0,0,0
2026-02-21 06:00:00,0,0,0,0
2026-02-21 07:00:00,0,0,0,0
2026-02-21 08:00:00,0,0,0,0
2026-02-21 09:00:00,0,0,0,0
2026-02-21 10:00:00,0,0,0,0
2026-02-21 11:00:00,0,0,0,0
2026-02-21 12:00:00,0,0,0,0
2026-02-21 13:00:00,0,0,0,0
2026-02-21 14:00:00,0,0,0,0
2026-02-21 15:00:00,0,0,0,0
2026-02-21 16:00:00,0,0,0,0
2026-02-21 17:00:00,0,0,0,0
2026-02-21 18:00:00,0,0,0,0
2026-02-21 19:00:00,0,0,0,0
2026-02-21 20:00:00,0,0,0,0
2026-02-21 21:00:00,0,0,0,0
2026-02-21 22:00:00,0,0,0,0
2026-02-21 23:00:00,0,0,0,0
2026-02-22 00:00:00,0,0,0,0
2026-02-22 01:00:00,0,0,0,0
2026-02-22 02:00:00,0,0,0,0
2026-02-22 03:00:00,0,0,0,0
2026-02-22 04:00:00,0,0,0,0
2026-02-22 05:00:00,0,0,0,0
2026-02-22 06:00:00,0,0,0,0
2026-02-22 07:00:00,0,0,0,0
2026-02-22 08:00:00,0,0,0,0
2026-02-22 09:00:00,0,0,0,0
2026-02-22 10:00:00,0,0,0,0
2026-02-22 11:00:00,0,0,0,0
2026-02-22 12:00:00,0,0,0,0
2026-02-22 13:00:00,0,0,0,0
2026-02-22 14:00:00,0,0,0,0
2026-02-22 15:00:00,0,0,0,0
2026-02-22 16:00:00,0,0,0,0
2026-02-22 17:00:00,0,0,0,0
2026-02-22 18:00:00,0,0,0,0
2026-02-22 19:00:00,0,0,0,0
2026-02-22 20:00:00,0,0,0,0
2026-02-22 21:00:00,0,0,0,0
2026-02-22 22:00:00,0,0,0,0
2026-02-22 23:00:00,0,0,0,0
2026-02-23 00:00:00,0,0,0,0
2026-02-23 01:00:00,0,0,0,0
2026-02-23 02:00:00,0,0,0,0
2026-02-23 03:00:00,0,0,0,0
2026-02-23 04:00:00,0,0,0,0
2026-02-23 05:00:00,0,0,0,0
2026-02-23 06:00:00,0,0,0,0
2026-02-23 07:00:00,0,0,0,0
2026-02-23 08:00:00,0,0,0,0
2026-02-23 09:00:00,0,0,0,0
2026-02-23 10:00:00,0,0,0,0
2026-02-23 11:00:00,0,0,0,0
2026-02-23 12:00:00,0,0,0,0
2026-02-23 13:00:00,0,0,0,0
2026-02-23 14:00:00,0,0,0,0
2026-02-23 15:00:00,0,0,0,0
2026-02-23 16:00:00,0,0,0,0
2026-02-23 17:00:00,0,0,0,0
2026-02-23 18:00:00,0,0,0,0
2026-02-23 19:00:00,0,0,0,0
2026-02-23 20:00:00,0,0,0,0
2026-02-23 21:00:00,0,0,0,0
2026-02-23 22:00:00,0,0,0,0
2026-02-23 23:00:00,0,0,0,0
2026-02-24 00:00:00,0,0,0,0
2026-02-24 01:00:00,0,0,0,0
2026-02-24 02:00:00,0,0,0,0
2026-02-24 03:00:00,0,0,0,0
2026-02-24 04:00:00,0,0,0,0
2026-02-24 05:00:00,0,0,0,0
2026-02-24 06:00:00,0,0,0,0
2026-02-24 07:00:00,0,0,0,0
2026-02-24 08:00:00,0,0,0,0
2026-02-24 09:00:00,0,0,0,0
2026-02-24 10:00:00,0,0,0,0
2026-02-24 11:00:00,0,0,0,0
2026-02-24 12:00:00,0,0,0,0
2026-02-24 13:00:00,0,0,0,0
2026-02-24 14:00:00,0,0,0,0
2026-02-24 15:00:00,0,0,0,0
2026-02-24 16:00:00,0,0,0,0
2026-02-24 17:00:00,0,0,0,0
2026-02-24 18:00:00,0,0,0,0
2026-02-24 19:00:00,0,0,0,0
2026-02-24 20:00:00,0,0,0,0
2026-02-24 21:00:00,0,0,0,0
2026-02-24 22:00:00,0,0,0,0
2026-02-24 23:00:00,0,0,0,0
2026-02-25 00:00:00,0,0,0,0
2026-02-25 01:00:00,0,0,0,0
2026-02-25 02:00:00,0,0,0,0
2026-02-25 03:00:00,0,0,0,0
2026-02-25 04:00:00,0,0,0,0
2026-02-25 05:00:00,0,0,0,0
2026-02-25 06:00:00,0,0,0,0
2026-02-25 07:00:00,0,0,0,0
2026-02-25 08:00:00,0,0,0,0
2026-02-25 09:00:00,0,0,0,0
2026-02-25 10:00:00,0,0,0,0
2026-02-25 11:00:00,0,0,0,0
2026-02-25 12:00:00,0,0,0,0
2026-02-25 13:00:00,0,0,0,0
2026-02-25 14:00:00,0,0,0,0
2026-02-25 15:00:00,0,0,0,0
2026-02-25 16:00:00,0,0,0,0
2026-02-25 17:00:00,0,0,0,0
2026-02-25 18:00:00,0,0,0,0
2026-02-25 19:00:00,0,0,0,0
2026-02-25 20:00:00,0,0,0,0
2026-02-25 21:00:00,0,0,0,0
2026-02-25 22:00:00,0,0,0,0
2026-02-25 23:00:00,0,0,0,0
2026-02-26 00:00:00,0,0,0,0
2026-02-26 01:00:00,0,0,0,0
2026-02-26 02:00:00,0,0,0,0
2026-02-26 03:00:00,0,0,0,0
2026-02-26 04:00:00,0,0,0,0
2026-02-26 05:00:00,0,0,0,0
2026-02-26 06:00:00,0,0,0,0
2026-02-26 07:00:00,0,0,0,0
2026-02-26 08:00:00,0,0,0,0
2026-02-26 09:00:00,0,0,0,0
2026-02-26 10:00:00,0,0,0,0
2026-02-26 11:00:00,0,0,0,0
2026-02-26 12:00:00,0,0,0,0
2026-02-26 13:00:00,0,0,0,0
2026-02-26 14:00:00,0,0,0,0
2026-02-26 15:00:00,0,0,0,0
2026-02-26 16:00:00,0,0,0,0
2026-02-26 17:00:00,0,0,0,0
2026-02-26 18:00:00,0,0,0,0
2026-02-26 19:00:00,0,0,0,0
2026-02-26 20:00:00,0,0,0,0
2026-02-26 21:00:00,0,0,0,0
2026-02-26 22:00:00,0,0,0,0
2026-02-26 23:00:00,0,0,0,0
2026-02-27 00:00:00,0,0,0,0
2026-02-27 01:00:00,0,0,0,0
2026-02-27 02:00:00,0,0,0,0
2026-02-27 03:00:00,0,0,0,0
2026-02-27 04:00:00,0,0,0,0
2026-02-27 05:00:00,0,0,0,0
2026-02-27 06:00:00,0,0,0,0
2026-02-27 07:00:00,0,0,0,0
2026-02-27 08:00:00,0,0,0,0
2026-02-27 09:00:00,0,0,0,0
2026-02-27 10:00:00,0,0,0,0
2026-02-27 11:00:00,0,0,0,0
2026-02-27 12:00:00,0,0,0,0
2026-02-27 13:00:00,0,0,0,0
2026-02-27 14:00:00,0,0,0,0
2026-02-27 15:00:00,0,0,0,0
2026-02-27 16:00:00,0,0,0,0
2026-02-27 17:00:00,0,0,0,0
2026-02-27 18:00:00,0,0,0,0
2026-02-27 19:00:00,0,0,0,0
2026-02-27 20:00:00,0,0,0,0
2026-02-27 21:00:00,0,0,0,0
2026-02-27 22:00:00,0,0,0,0
2026-02-27 23:00:00,0,0,0,0
2026-02-28 00:00:00,0,0,0,0
2026-02-28 01:00:00,0,0,0,0
2026-02-28 02:00:00,0,0,0,0
2026-02-28 03:00:00,0,0,0,0
2026-02-28 04:00:00,0,0,0,0
2026-02-28 05:00:00,0,0,0,0
2026-02-28 06:00:00,0,0,0,0
2026-02-28 07:00:00,0,0,0,0
2026-02-28 08:00:00,0,0,0,0
2026-02-28 09:00:00,0,0,0,0
2026-02-28 10:00:00,0,0,0,0
2026-02-28 11:00:00,0,0,0,0
2026-02-28 12:00:00,0,0,0,0
2026-02-28 13:00:00,0,0,0,0
2026-02-28 14:00:00,0,0,0,0
2026-02-28 15:00:00,0,0,0,0
2026-02-28 16:00:00,0,0,0,0
2026-02-28 17:00:00,0,0,0,0
2026-02-28 18:00:00,0,0,0,0
2026-02-28 19:00:00,0,0,0,0
2026-02-28 20:00:00,0,0,0,0
2026-02-28 21:00:00,0,0,0,0
2026-02-28 22:00:00,0,0,0,0
2026-02-28 23:00:00,0,0,0,0
