Week Start,Average Load Factor,Average Load Factor at Evening Peak,Average Load Factor at Night Minimum
2021-04-05,19.175310551952833,28.821498138577756,16.599769598182434
2021-04-12,23.628264884602519,25.432541622912847,21.602844294405887
2021-04-19,25.70392292875982,27.383862940692143,24.352762130735854
2021-04-26,33.489238078092463,37.70931235021677,31.489295830984076
2021-05-03,30.753998630155483,31.936117420245196,27.870533287987758
2021-05-10,33.181650070333035,34.123766073711344,31.391653425686663
2021-05-17,39.494867320459448,31.19339412701936,39.868845951540742
2021-05-24,35.589942842343596,35.231563142798095,32.246180528596689
2021-05-31,36.264509945224468,35.119485947429027,36.329343360391228
2021-06-07,35.181671394416455,23.775456308046618,38.062887455861883
2021-06-14,29.943803522082472,31.225068592468329,28.129117871878339
2021-06-21,46.42643423597999,48.48783816442289,30.949796546373321
2021-06-28,55.416932534245234,54.608183636445148,48.380364783987041
2021-07-05,31.263618024427576,25.858124858522913,30.61001094636282
2021-07-12,32.088052881539816,25.750607736377468,25.819413445545397
2021-07-19,48.795245854634693,47.298219301728665,43.06460837171484
2021-07-26,39.464284849346662,34.322877257880201,37.234137622877569
2021-08-02,29.852209806886798,32.794078419527963,25.661631683340964
2021-08-09,42.268166488316254,40.834275251982696,44.727912656376667
2021-08-16,28.712408555739501,34.288624938556168,26.913980693210405
2021-08-23,35.350976438021931,32.643485922716494,31.779518803902739
2021-08-30,34.28851947644759,42.156591828528747,24.79680050548567
2021-09-06,41.702061391001912,46.128931669169482,35.24318291852326
2021-09-13,44.732187519660052,57.484752344846243,39.350479636969375
2021-09-20,36.369508348172396,43.901430294675166,32.753542912943217
2021-09-27,45.47405223146756,59.802175393679782,40.669881342162917
2021-10-04,38.202152682041849,52.37954711438254,35.173694025257866
2021-10-11,41.869237039407636,48.478219393909548,37.303411412816025
2021-10-18,41.861006528164133,45.083033816662976,40.038829464234418
2021-10-25,38.399281493357286,42.509411183049814,33.387692531777482
2021-11-01,29.581625686563324,44.542775493792206,21.757244815899821
2021-11-08,27.95650093068992,45.999380451818837,25.826153139180885
2021-11-15,41.024429926775682,64.476451014663994,36.317673329886837
2021-11-22,52.32765824464083,57.703266167745745,48.068343139427064
2021-11-29,32.775947765559771,45.983826961538583,26.203412858106802
2021-12-06,30.238814078913062,43.676327985059842,22.369084172347712
2021-12-13,45.972359755541945,64.387491387357883,38.680614134562113
2021-12-20,33.981157397594899,45.274684179715877,30.354551988029304
2021-12-27,33.138541633689428,42.033393200302989,27.383312566535263
2022-01-03,37.621486753113878,52.274401460243745,35.519030561450109
2022-01-10,32.987311580880181,45.984466718548219,30.078063315344895
2022-01-17,31.008225683827739,49.855714460542835,25.272734918792128
2022-01-24,31.465613623838557,53.062264010973571,27.658393495621493
2022-01-31,29.405446846840888,39.078502276787638,26.569310783283935
2022-02-07,20.451179360401522,34.722658112352391,15.941595920162882
2022-02-14,34.295692310866599,47.33765868645159,25.985161307698739
2022-02-21,29.516462993376102,50.22214097546167,27.04747199512768
2022-02-28,27.851614545488484,41.366228330636552,23.453175388453275
2022-03-07,30.688609736120771,33.518065498864459,32.509001476273724
2022-03-14,27.746777585146155,37.92017464196185,29.879373669761765
2022-03-21,24.651372398664048,37.222126132212537,23.395975991246225
2022-03-28,34.31800560944874,39.010828867405877,31.522512835542926
2022-04-04,45.557375934374988,54.204900831346691,34.897796608409024
2022-04-11,29.112764687207449,36.134344069773697,31.783563550445077
2022-04-18,28.636847615946643,30.601036236671654,27.941458453665373
2022-04-25,31.246506889804227,27.785729414245843,34.390539203444426
2022-05-02,22.221254736321736,22.411528573280126,22.628178177070655
2022-05-09,20.926932278520933,23.933707226335024,18.407737860030828
2022-05-16,38.701055813443077,31.378737594039634,43.74621730261444
2022-05-23,29.584671004114504,33.066431414237719,21.337908622766225
2022-05-30,26.804290203169405,23.56286401617805,24.096061207780672
2022-06-06,39.144924483036995,29.215551769157578,33.931575683978977
2022-06-13,48.06005296942967,45.325685672467749,49.588323302590048
2022-06-20,34.627693800628833,32.391409884305119,35.740844190124548
2022-06-27,40.573791632991167,31.763236982750708,41.839891325488779
2022-07-04,32.94326971911687,30.490165507678984,31.596626444121423
2022-07-11,34.130499569172876,30.008645374854193,35.97227598250857
2022-07-18,34.835188395948983,33.98161995342798,28.078609801328042
2022-07-25,37.266165144893812,37.849957610572496,33.218753929269617
2022-08-01,28.974996116550233,30.211727202144246,24.417621552668912
2022-08-08,31.739965483981571,32.821401286995304,18.743538361498203
2022-08-15,44.307651972910037,43.773704777867358,38.429744555458775
2022-08-22,36.616885716747873,40.451518985608345,33.605753010935764
2022-08-29,48.966014904147585,54.233763894831057,41.027392741054335
2022-09-05,29.955832761708884,36.138063797022077,23.846275145769415
2022-09-12,32.1009112170766,38.48336728498932,26.082353756475126
2022-09-19,33.007909926650846,39.554830091638344,32.961280173159665
2022-09-26,28.315038239012175,37.38163639374072,22.996681465964588
2022-10-03,28.951371566674222,41.660358395036269,23.321156660783736
2022-10-10,37.027563813413465,46.980694240473987,27.784408575155016
2022-10-17,30.387764359876751,43.277215236623462,28.025963991187648
2022-10-24,40.47925608456692,61.179413718737528,31.167474963679542
2022-10-31,38.213865554762016,58.061718010506269,38.828180275616354
2022-11-07,38.620844864378022,48.395185656563058,35.004214044407853
2022-11-14,32.464996043238443,44.966032436730195,25.331598195534145
2022-11-21,39.66286832082951,52.901067682408367,33.37310290194327
2022-11-28,42.713062548646846,53.831626621141424,40.878762087626399
2022-12-05,35.101235621726119,49.597750683770727,32.351818554161568
2022-12-12,29.716974838980331,42.038667955294194,23.769015590096931
2022-12-19,39.497879802423341,56.288167602360183,29.744833490262046
2022-12-26,37.862022759297886,59.594841727463574,33.055225767792251
2023-01-02,42.495113873259399,54.344329132844692,40.675301135073923
2023-01-09,28.658582797431087,46.515452118620679,19.456232656748547
2023-01-16,33.299427497203418,46.83558255273573,30.837542882207181
2023-01-23,40.60469341357237,53.759786604608927,35.505048346355863
2023-01-30,38.265693355891216,57.278071739593216,39.887434595167477
2023-02-06,32.040698726325296,44.983988291139639,29.95729934322323
2023-02-13,33.118907254643759,51.924986274788886,27.520772479364457
2023-02-20,34.470590700718176,49.132819791194194,30.671408694252094
2023-02-27,31.635607368083381,49.518553207134694,30.372292460906493
2023-03-06,36.18814733095995,48.020872280219216,31.766226145832078
2023-03-13,35.72244925821613,44.525609812270659,31.427521548477692
2023-03-20,45.495941259001249,52.45142022218451,43.2416147570814
2023-03-27,36.360078855816035,44.582988041741231,36.899326458347765
2023-04-03,31.31727030622331,35.734445071974882,28.625229739077817
2023-04-10,31.183931903310874,32.818048310253253,29.972470733036239
2023-04-17,34.136279623321272,34.295017966228713,29.855182942643761
2023-04-24,26.754734350596586,36.552322413612089,20.576720299078886
2023-05-01,19.188830686708716,28.554800628600134,13.280128342654301
2023-05-08,40.429065349433699,40.738684014724875,39.246518070594263
2023-05-15,26.654712177239663,25.877847073552608,28.933483663990227
2023-05-22,34.645462131903933,30.943423082174071,37.328615374145308
2023-05-29,40.555806729108923,41.32933493623328,38.139508730811158
2023-06-05,40.039036104947598,32.566732744100229,36.888848406028877
2023-06-12,60.668660539737928,62.452507449791447,57.463294656525285
2023-06-19,44.686521227150742,43.734950508320402,43.120666910393766
2023-06-26,40.723759014755984,33.69236604380697,43.750686260555341
2023-07-03,48.664793723459901,49.835359712573535,45.461662985170129
2023-07-10,32.790924332969944,26.468759427653509,37.728383155607574
2023-07-17,45.253954444609953,50.587513730398257,46.049832371911506
2023-07-24,39.334995885548942,39.124993412313636,37.581445589445423
2023-07-31,44.587538386673167,29.447547285064026,48.262743075252331
2023-08-07,37.226702137121521,34.636494579008456,34.090917956227877
2023-08-14,37.82423278179354,41.494884013147988,32.431397805377124
2023-08-21,51.532971214611656,52.307827333317015,50.97077391101913
2023-08-28,35.150804935736673,30.502431945568905,35.54933004785876
2023-09-04,38.827100828741301,39.865590449659912,36.886470614354145
2023-09-11,51.728237846116329,53.387037674096469,51.616122340493952
2023-09-18,37.128886060621639,49.326296508546967,24.791308320735464
2023-09-25,46.969152821459353,45.274489698103444,49.117806090881437
2023-10-02,34.109368319377111,39.247920677201705,30.487127764597794
2023-10-09,41.788654019138782,50.905025688864505,39.184247316892403
2023-10-16,44.833320815000185,53.165400931778962,44.084490034231059
2023-10-23,41.569356856457027,58.041786887620084,35.57955248549775
2023-10-30,44.199579854308716,57.350090194244416,42.291979538542421
2023-11-06,33.50194715409873,50.004465102691128,29.1858449605133
2023-11-13,38.941871638810248,44.749396111459909,33.899545148786267
2023-11-20,33.752178432032423,46.904845590856333,25.291437169656056
2023-11-27,39.103627349556241,52.968289056473175,31.385571991688927
2023-12-04,43.480289746157233,62.470392758898143,37.383250636256385
2023-12-11,37.567416411078256,58.860050153560515,32.597536143055919
2023-12-18,39.790879861764388,58.715809907797286,33.333717874395333
2023-12-25,44.427051108135281,58.594513484319641,40.195472734447975
2024-01-01,39.20292626065492,55.63329555701533,32.953499441239707
2024-01-08,32.947401595181432,54.187843052470356,28.968299845754768
2024-01-15,42.179604848094513,58.483242793278613,42.277401559217182
2024-01-22,37.335458787226642,55.047491512777611,32.205910119474687
2024-01-29,28.420510037005837,40.507009090799684,24.86325623008392
2024-02-05,33.882352324820438,53.123189942397673,28.024939009436057
2024-02-12,37.336519214534746,55.235142018068728,28.805730270449942
2024-02-19,40.677661636233267,60.702062703154915,35.368190459038281
2024-02-26,40.006111851375692,49.612639892372762,39.073470442970546
2024-03-04,30.096649312522178,40.816520381990365,27.865415331320165
2024-03-11,38.055346974305031,53.236618489757859,36.136561597046061
2024-03-18,29.106757797365386,41.17887840438145,25.338038566702032
2024-03-25,29.146069167317812,39.162552561437693,28.240662395494393
2024-04-01,43.7733046753415,52.44756927859958,42.067794865878852
2024-04-08,39.102128607683312,45.125863194399194,39.324192598635818
2024-04-15,27.77772613677184,25.682125355683187,27.563780215694333
2024-04-22,35.974122738037472,41.321122633049477,33.157184478871471
2024-04-29,36.769884300170524,34.894960119080466,30.082865832378548
2024-05-06,33.849239950441223,37.222784970862719,31.283260554096003
2024-05-13,30.025328011451009,32.369089704162043,25.719804846794275
2024-05-20,26.690178482382404,27.187433474742086,28.573212952615545
2024-05-27,31.527268283924638,31.33758873665397,26.273577173863877
2024-06-03,37.306760508518188,35.86953517700023,36.644384033689114
2024-06-10,32.683593977478331,28.5513148607,34.565206475726811
2024-06-17,38.632283577731293,34.840926566904542,39.727039475076545
2024-06-24,29.998117581590815,22.182804457965162,33.153719459589773
2024-07-01,44.064510324996661,43.689730969263408,41.8475524307214
2024-07-08,52.746877436665848,51.359013760068784,50.163125638279368
2024-07-15,27.572515556968291,27.58727595123079,22.257453837436234
2024-07-22,28.777671395000148,30.527944446819006,21.566553891009168
2024-07-29,34.403036830042659,34.067438819586194,29.444028319374354
2024-08-05,44.199216753485778,40.729463328684254,44.169468075968162
2024-08-12,32.499437020819286,33.885025265592688,32.168006543284314
2024-08-19,43.166069556008594,44.629651684642575,35.885100790563854
2024-08-26,52.154480000199165,52.153831087157052,46.60985418285923
2024-09-02,35.560196445153018,43.430393987216355,28.770511565487411
2024-09-09,32.101951068671411,42.175256110571873,28.826449840837348
2024-09-16,49.533311526535321,59.623640809876669,44.856164352296602
2024-09-23,41.020690591483614,44.931714221808534,36.687873137967109
2024-09-30,40.431247239569196,40.268951891838277,43.779680379981897
2024-10-07,31.609954640753564,44.745134345229623,24.177091118387882
2024-10-14,48.685207078819964,63.446237632267255,42.094228605788281
2024-10-21,44.977694197731829,59.278848567868117,43.869156722199648
2024-10-28,37.219151887771531,46.736134424489343,33.998781641124424
2024-11-04,45.458282343603464,53.022683634610189,43.610110220810945
2024-11-11,33.911816054644653,48.438749455867473,34.78091741261408
2024-11-18,30.801941883949652,49.801265582731169,23.161637132391537
2024-11-25,38.123428032794415,54.880162204399618,29.914258409103827
2024-12-02,28.782428707401174,47.325220900166357,20.672981439530844
2024-12-09,38.511207435419564,56.023249241949223,31.448452754773321
2024-12-16,36.445230667232671,55.24629647534919,28.430927226710605
2024-12-23,40.215820040039283,57.014410745460523,34.710284965675555
2024-12-30,32.58436094324324,51.946382250137866,18.767602609180269
2025-01-06,32.996478821124349,57.966237018108146,29.157813576982978
2025-01-13,37.609757252230011,55.471120205461112,32.352196179017419
2025-01-20,40.36018356717716,57.945583843299801,35.494537096247448
2025-01-27,38.702663583145302,56.962273617011206,30.865084598342019
2025-02-03,36.23970470842864,48.238110315424649,31.507138147206465
2025-02-10,38.338058139565426,55.394947877395573,34.959870097049588
2025-02-17,33.0506005549287,47.500550875819933,31.068441807802227
2025-02-24,37.252599179433624,54.075792213375472,32.349627500052911
2025-03-03,28.32340805879106,35.263941100481823,22.735008189479704
2025-03-10,31.723535517554208,45.150412959753069,30.03294465638005
2025-03-17,21.932620383138449,25.131058648459891,25.191611416553826
2025-03-24,30.017844157680084,44.515600678728802,25.588511738945858
2025-03-31,32.553894190621968,43.437788794833089,33.470899440160771
2025-04-07,25.004185342152311,28.636902911819611,22.765944379593485
2025-04-14,29.747172896992641,36.697488047758334,32.639365357857642
2025-04-21,25.091921101150245,24.111466278569253,26.013334656153148
2025-04-28,30.443101062299387,31.782633998742082,24.295967144632712
2025-05-05,30.981040588148957,38.823501771140933,21.972123162178889
2025-05-12,26.103139286487792,15.842338607020858,27.097208426139936
2025-05-19,43.593158444158803,34.583644186509602,47.420404575810103
2025-05-26,41.499539353145487,38.945091742288881,45.901460088763102
2025-06-02,37.763140343099714,38.969333475584364,35.731440572896787
2025-06-09,36.346818648032276,27.651883471752065,40.267587292771495
2025-06-16,42.833573236257969,40.159269794451738,44.590467513309669
2025-06-23,49.14128625551443,47.123999203315378,47.027783033150286
2025-06-30,51.249258864555522,50.821122427324596,33.439946826290132
2025-07-07,43.222257677331704,42.769945034133478,34.465501752053783
2025-07-14,25.768421700983062,29.135635557462415,15.85681013769673
2025-07-21,36.501494998910736,35.595013276158291,30.805276999492282
2025-07-28,55.060067308849689,52.413440177081959,41.27616903682901
2025-08-04,40.664681606933847,40.512537613223422,35.588546929367922
2025-08-11,18.846954587313387,24.320195072605369,16.182491435448398
2025-08-18,35.547161670310437,41.500675992277223,27.177169075588715
2025-08-25,22.865523843806308,30.160146657512719,20.359862752269073
2025-09-01,31.566348267844131,38.656895639302959,28.639400045820878
2025-09-08,29.811586900345461,35.873265743059989,31.887528546906342
2025-09-15,38.199643852039216,48.526271596542934,30.082604222351762
2025-09-22,33.028341627014704,41.094328457413638,35.215033853340181
2025-09-29,48.004505048163701,52.33457760940118,45.241121820984652
2025-10-06,30.106863736100376,41.353573318586733,23.139359559198542
2025-10-13,42.940792664105437,54.744594652158504,39.55026845892565
2025-10-20,34.329645149146174,46.479237270411105,32.781480843303726
2025-10-27,33.756359054043159,46.530430781499263,29.129729499474056
2025-11-03,37.782312961718567,53.886213019499976,33.412561751693048
2025-11-10,36.571796532784482,54.109480431913596,34.702534616062088
2025-11-17,37.716572728748432,52.870697241038158,36.090155073357536
2025-11-24,37.208621840492413,48.743348968972654,36.173948950014953
2025-12-01,35.768635327078805,50.849374798286426,38.05607032622239
2025-12-08,38.511310880446828,52.806609364568843,33.136093296300736
2025-12-15,38.025080944749689,55.575229519649938,31.407449296341923
2025-12-22,40.634275606285804,60.218847628836301,38.20146763868172
2025-12-29,34.403740810614977,54.429482369066641,30.357948205469416
2026-01-05,39.12213734576175,50.488235257132651,37.642276663317062
2026-01-12,37.47986706235681,61.755981121377737,29.160037414023748
2026-01-19,36.301767747281986,54.17005849917097,33.207065318095026
2026-01-26,34.714289659352119,52.708363306591941,32.83596894591647
2026-02-02,27.915332088679122,43.892982151915113,19.598492897286356
2026-02-09,37.931938104767674,49.310867767459406,38.695937859925003
