Date_Time_Hour_Beginning,RSA Contracted Forecast,Residual Forecast
2026-02-12 00:00:00,20911.594000000001,19087.266
2026-02-12 01:00:00,20674.736000000001,18981.251
2026-02-12 02:00:00,20521.057000000001,18874.386999999999
2026-02-12 03:00:00,20794.867999999999,19185.48
2026-02-12 04:00:00,22167.182000000001,20573.456999999999
2026-02-12 05:00:00,24525.667000000001,22904.331999999999
2026-02-12 06:00:00,24823.486000000001,23225.249
2026-02-12 07:00:00,23650.57,21517.420999999998
2026-02-12 08:00:00,23632.625,20794.690999999999
2026-02-12 09:00:00,23945.431,20923.081999999999
2026-02-12 10:00:00,23899.569,20765.992999999999
2026-02-12 11:00:00,23876.174999999999,20706.407999999999
2026-02-12 12:00:00,23878.252,20678.705000000002
2026-02-12 13:00:00,24040.021000000001,20791.451000000001
2026-02-12 14:00:00,24415.137999999999,21121.989000000001
2026-02-12 15:00:00,24686.011999999999,21322.646000000001
2026-02-12 16:00:00,25444.653999999999,22137.650000000001
2026-02-12 17:00:00,25890.428,22560.817999999999
2026-02-12 18:00:00,26466.397000000001,23723.862000000001
2026-02-12 19:00:00,27148.394,24942.433000000001
2026-02-12 20:00:00,26172.141,24109.342000000001
2026-02-12 21:00:00,24713.870999999999,22738.312000000002
2026-02-12 22:00:00,23099.559000000001,21243.143
2026-02-12 23:00:00,21999.407999999999,20434.663
2026-02-13 00:00:00,21299.062000000002,19834.260999999999
2026-02-13 01:00:00,20873.703000000001,19598.118999999999
2026-02-13 02:00:00,20813.502,19626.962
2026-02-13 03:00:00,21008.661,19924.328000000001
2026-02-13 04:00:00,22333.684000000001,21342.91
2026-02-13 05:00:00,24520.536,23543.039000000001
2026-02-13 06:00:00,24863.999,23922.060000000001
2026-02-13 07:00:00,23943.77,22488.056
2026-02-13 08:00:00,24193.59,21997.117999999999
2026-02-13 09:00:00,24329.602999999999,21716.626
2026-02-13 10:00:00,24138.805,21138.255000000001
2026-02-13 11:00:00,24234.092000000001,20921.782999999999
2026-02-13 12:00:00,24169.432000000001,20551.887999999999
2026-02-13 13:00:00,24405.184000000001,20542.526000000002
2026-02-13 14:00:00,24718.513999999999,20710.901999999998
2026-02-13 15:00:00,25058.308000000001,21105.740000000002
2026-02-13 16:00:00,25487.609,21801.510999999999
2026-02-13 17:00:00,25841.937999999998,22341.331999999999
2026-02-13 18:00:00,26237.001,23255.223999999998
2026-02-13 19:00:00,26519.616000000002,24096.409
2026-02-13 20:00:00,25647.933000000001,23376.522000000001
2026-02-13 21:00:00,24366.352999999999,22155.779999999999
2026-02-13 22:00:00,22972.690999999999,20788.037
2026-02-13 23:00:00,21948.157999999999,19898.334999999999
2026-02-14 00:00:00,21270.304,19225.874
2026-02-14 01:00:00,20970.659,19025.939999999999
2026-02-14 02:00:00,20676.330000000002,18723.984
2026-02-14 03:00:00,20591.580000000002,18614.696
2026-02-14 04:00:00,20930.714,18920.743999999999
2026-02-14 05:00:00,21258.633999999998,19132.582999999999
2026-02-14 06:00:00,21911.624,19630.646000000001
2026-02-14 07:00:00,22783.356,19720.843000000001
2026-02-14 08:00:00,23383.361000000001,19510.766
2026-02-14 09:00:00,23734.974999999999,19570.334999999999
2026-02-14 10:00:00,23567.700000000001,19242.593000000001
2026-02-14 11:00:00,23581.863000000001,19164.556
2026-02-14 12:00:00,23473.913,19040.455999999998
2026-02-14 13:00:00,23227.455999999998,18842.162
2026-02-14 14:00:00,23096.816999999999,18703.449000000001
2026-02-14 15:00:00,23138.103999999999,18775.920999999998
2026-02-14 16:00:00,23506.016,19344.841
2026-02-14 17:00:00,24335.603999999999,20257.455000000002
2026-02-14 18:00:00,25188.203000000001,21711.026999999998
2026-02-14 19:00:00,25577.346000000001,22767.348999999998
2026-02-14 20:00:00,24633.371999999999,21994.776999999998
2026-02-14 21:00:00,23332.257000000001,20782.225999999999
2026-02-14 22:00:00,22047.399000000001,19614.887999999999
2026-02-14 23:00:00,21036.603999999999,18792.645
2026-02-15 00:00:00,20186.358,17915.616000000002
2026-02-15 01:00:00,19775.944,17591.223999999998
2026-02-15 02:00:00,19555.153999999999,17337.455999999998
2026-02-15 03:00:00,19529.215,17326.321
2026-02-15 04:00:00,19822.615000000002,17634.188999999998
2026-02-15 05:00:00,20074.419000000002,17803.025000000001
2026-02-15 06:00:00,21003.374,18671.701000000001
2026-02-15 07:00:00,22253.562000000002,19260.561000000002
2026-02-15 08:00:00,23078.201000000001,19298.572
2026-02-15 09:00:00,23428.394,19339.233
2026-02-15 10:00:00,23122.452000000001,18850.249
2026-02-15 11:00:00,22956.565999999999,18604.205000000002
2026-02-15 12:00:00,23099.674999999999,18744.055
2026-02-15 13:00:00,22985.195,18680.830000000002
2026-02-15 14:00:00,22856.473999999998,18651.465
2026-02-15 15:00:00,22977.082999999999,18826.391
2026-02-15 16:00:00,23769.668000000001,19850.154999999999
2026-02-15 17:00:00,24560.025000000001,20791.062000000002
2026-02-15 18:00:00,25262.805,22043.635999999999
2026-02-15 19:00:00,25840.761999999999,23249.808000000001
2026-02-15 20:00:00,24816.358,22405.974999999999
2026-02-15 21:00:00,23224.722000000002,20874.046999999999
2026-02-15 22:00:00,21778.832999999999,19548.708999999999
2026-02-15 23:00:00,20706.423999999999,18713.25
2026-02-16 00:00:00,19977.789000000001,18029.655999999999
2026-02-16 01:00:00,19708.598000000002,17893.953000000001
2026-02-16 02:00:00,19759.723000000002,17944.983
2026-02-16 03:00:00,19990.756000000001,18186.867999999999
2026-02-16 04:00:00,21274.797999999999,19496.741999999998
2026-02-16 05:00:00,23827.484,22022.228999999999
2026-02-16 06:00:00,24389.988000000001,22593.387999999999
2026-02-16 07:00:00,22973.298999999999,20594.929
2026-02-16 08:00:00,23260.079000000002,20084.866999999998
2026-02-16 09:00:00,23434.357,19934.874
2026-02-16 10:00:00,23269.892,19644.203000000001
2026-02-16 11:00:00,23451.603999999999,19841.065999999999
2026-02-16 12:00:00,23372.692999999999,19866.690999999999
2026-02-16 13:00:00,23264.546999999999,19894.496999999999
2026-02-16 14:00:00,23792.045999999998,20526.317999999999
2026-02-16 15:00:00,24231.649000000001,21070.393
2026-02-16 16:00:00,24553.184000000001,21693.298999999999
2026-02-16 17:00:00,25275.575000000001,22587.492999999999
2026-02-16 18:00:00,25907.938999999998,23722.689999999999
2026-02-16 19:00:00,26514.852999999999,24824.855
2026-02-16 20:00:00,25367.063999999998,23780.185000000001
2026-02-16 21:00:00,23773.924999999999,22314.827000000001
2026-02-16 22:00:00,22070.960999999999,20761.044000000002
2026-02-16 23:00:00,20978.800999999999,19877.796999999999
2026-02-17 00:00:00,20349.716,19287.135999999999
2026-02-17 01:00:00,20128.460999999999,19182.106
2026-02-17 02:00:00,20241.395,19273.273000000001
2026-02-17 03:00:00,20421.496999999999,19456.221000000001
2026-02-17 04:00:00,21870.555,20914.314999999999
2026-02-17 05:00:00,24252.798999999999,23221.023000000001
2026-02-17 06:00:00,24287.794000000002,23234.541000000001
2026-02-17 07:00:00,22870.338,21220.277999999998
2026-02-17 08:00:00,22987.014999999999,20523.939999999999
2026-02-17 09:00:00,23394.099999999999,20497.736000000001
2026-02-17 10:00:00,23111.558000000001,19980.080000000002
2026-02-17 11:00:00,23120.126,19883.950000000001
2026-02-17 12:00:00,23003.263999999999,19739.083999999999
2026-02-17 13:00:00,23091.57,19856.162
2026-02-17 14:00:00,23817.638999999999,20672.93
2026-02-17 15:00:00,24195.232,21218.743999999999
2026-02-17 16:00:00,24831.192999999999,22113.771000000001
2026-02-17 17:00:00,25431.978999999999,22794.945
2026-02-17 18:00:00,25881.058000000001,23806.475999999999
2026-02-17 19:00:00,26425.937000000002,24903.348000000002
2026-02-17 20:00:00,25367.355,23936.782999999999
2026-02-17 21:00:00,23639.236000000001,22365.517
2026-02-17 22:00:00,21982.34,20876.934000000001
2026-02-17 23:00:00,20908.679,20048.739000000001
2026-02-18 00:00:00,20252.560000000001,19383.624
2026-02-18 01:00:00,19846.861000000001,19096.952000000001
2026-02-18 02:00:00,19853.52,19071.245999999999
2026-02-18 03:00:00,20092.037,19273.633000000002
2026-02-18 04:00:00,21423.66,20584.300999999999
2026-02-18 05:00:00,23636.197,22701.947
2026-02-18 06:00:00,23743.781999999999,22786.156999999999
2026-02-18 07:00:00,22474.269,20925.475999999999
2026-02-18 08:00:00,22605.493999999999,20251.633999999998
2026-02-18 09:00:00,22768.525000000001,19984.702000000001
2026-02-18 10:00:00,22759.255000000001,19725.566999999999
2026-02-18 11:00:00,22890.204000000002,19735.405999999999
2026-02-18 12:00:00,22937.350999999999,19728.779999999999
2026-02-18 13:00:00,22947.928,19739.324000000001
2026-02-18 14:00:00,23160.422999999999,20024.965
2026-02-18 15:00:00,23712.326000000001,20785.503000000001
2026-02-18 16:00:00,23773.830000000002,21171.275000000001
2026-02-18 17:00:00,24440.065999999999,21978.106
2026-02-18 18:00:00,24992.767,23076.204000000002
2026-02-18 19:00:00,25676.574000000001,24307.875
2026-02-18 20:00:00,24708.455999999998,23440.450000000001
2026-02-18 21:00:00,23261.982,22091.383999999998
2026-02-18 22:00:00,22037.458999999999,20973.847000000002
2026-02-18 23:00:00,20709.282999999999,19822.935000000001
2026-02-19 00:00:00,20883.008000000002,19445.429
2026-02-19 01:00:00,20592.918000000001,19249.491000000002
2026-02-19 02:00:00,20466.438999999998,19199.259999999998
2026-02-19 03:00:00,20762.169999999998,19529.522000000001
2026-02-19 04:00:00,22047.483,20843.784
2026-02-19 05:00:00,24269.003000000001,23069.919999999998
2026-02-19 06:00:00,24395.722000000002,23130.572
2026-02-19 07:00:00,23185.84,21356.013999999999
2026-02-19 08:00:00,23410.591,20863.058000000001
2026-02-19 09:00:00,23729.281999999999,20694.867999999999
2026-02-19 10:00:00,23636.57,20400.832999999999
2026-02-19 11:00:00,23544.882000000001,20190.319
2026-02-19 12:00:00,23345.027999999998,19906.544999999998
2026-02-19 13:00:00,23465.433000000001,19992.452000000001
2026-02-19 14:00:00,23746.790000000001,20215.742999999999
2026-02-19 15:00:00,24173.291000000001,20682.489000000001
2026-02-19 16:00:00,24923.990000000002,21489.383000000002
2026-02-19 17:00:00,25706.546999999999,22406.357
2026-02-19 18:00:00,26139.993999999999,23373.396000000001
2026-02-19 19:00:00,26688.216,24320.785
2026-02-19 20:00:00,25632.106,23484.002
2026-02-19 21:00:00,24174.972000000002,22227.484
2026-02-19 22:00:00,22604.531999999999,20977.129000000001
2026-02-19 23:00:00,21522.157999999999,20018.939999999999
2026-02-20 00:00:00,20776.946,19339.366999999998
2026-02-20 01:00:00,20404.147000000001,19060.720000000001
2026-02-20 02:00:00,20270.248,19003.069
2026-02-20 03:00:00,20401.379000000001,19168.732
2026-02-20 04:00:00,21731.887999999999,20528.188999999998
2026-02-20 05:00:00,24070.134999999998,22871.053
2026-02-20 06:00:00,24376.766,23111.616000000002
2026-02-20 07:00:00,23093.036,21263.210999999999
2026-02-20 08:00:00,23256.119999999999,20708.585999999999
2026-02-20 09:00:00,23613.383000000002,20578.969000000001
2026-02-20 10:00:00,23376.66,20140.923999999999
2026-02-20 11:00:00,23278.120999999999,19923.558000000001
2026-02-20 12:00:00,23277.564999999999,19839.081999999999
2026-02-20 13:00:00,23260.600999999999,19787.620999999999
2026-02-20 14:00:00,23594.404999999999,20063.358
2026-02-20 15:00:00,23780.707999999999,20289.905999999999
2026-02-20 16:00:00,24116.619999999999,20682.012999999999
2026-02-20 17:00:00,24523.183000000001,21222.992999999999
2026-02-20 18:00:00,24807.59,22040.991999999998
2026-02-20 19:00:00,25587.525000000001,23220.095000000001
2026-02-20 20:00:00,25088.719000000001,22940.615000000002
2026-02-20 21:00:00,24138.828000000001,22191.341
2026-02-20 22:00:00,22859.163,21231.758999999998
2026-02-20 23:00:00,21837.388999999999,20334.170999999998
2026-02-21 00:00:00,21084.438999999998,19646.860000000001
2026-02-21 01:00:00,20676.367999999999,19332.940999999999
2026-02-21 02:00:00,20400.005000000001,19132.826000000001
2026-02-21 03:00:00,20217.268,18984.620999999999
2026-02-21 04:00:00,20465.973999999998,19262.275000000001
2026-02-21 05:00:00,20775.267,19576.185000000001
2026-02-21 06:00:00,21441.106,20175.955999999998
2026-02-21 07:00:00,21905.620999999999,20075.794999999998
2026-02-21 08:00:00,22248.982,19701.449000000001
2026-02-21 09:00:00,22287.117999999999,19252.704000000002
2026-02-21 10:00:00,22118.754000000001,18883.018
2026-02-21 11:00:00,22110.200000000001,18755.636999999999
2026-02-21 12:00:00,21866.295999999998,18427.812999999998
2026-02-21 13:00:00,21652.546999999999,18179.566999999999
2026-02-21 14:00:00,21608.450000000001,18077.402999999998
2026-02-21 15:00:00,21791.722000000002,18300.919999999998
2026-02-21 16:00:00,22397.573,18962.965
2026-02-21 17:00:00,23021.398000000001,19721.208999999999
2026-02-21 18:00:00,24202.057000000001,21435.458999999999
2026-02-21 19:00:00,25101.023000000001,22733.592000000001
2026-02-21 20:00:00,24208.735000000001,22060.630000000001
2026-02-21 21:00:00,22844.815999999999,20897.328000000001
2026-02-21 22:00:00,21467.630000000001,19840.225999999999
2026-02-21 23:00:00,20458.669000000002,18955.451000000001
2026-02-22 00:00:00,19676.342000000001,18238.762999999999
2026-02-22 01:00:00,19225.998,17882.571
2026-02-22 02:00:00,19070.262999999999,17803.083999999999
2026-02-22 03:00:00,19069.207999999999,17836.560000000001
2026-02-22 04:00:00,19309.012999999999,18105.313999999998
2026-02-22 05:00:00,19618.342000000001,18419.259999999998
2026-02-22 06:00:00,20384.418000000001,19119.268
2026-02-22 07:00:00,21190.865000000002,19361.040000000001
2026-02-22 08:00:00,21547.401000000002,18999.867999999999
2026-02-22 09:00:00,21670.007000000001,18635.593000000001
2026-02-22 10:00:00,21314.850999999999,18079.115000000002
2026-02-22 11:00:00,21200.894,17846.330999999998
2026-02-22 12:00:00,21385.932000000001,17947.449000000001
2026-02-22 13:00:00,21339.013999999999,17866.032999999999
2026-02-22 14:00:00,21288.437000000002,17757.389999999999
2026-02-22 15:00:00,21451.062999999998,17960.260999999999
2026-02-22 16:00:00,22151.781999999999,18717.174999999999
2026-02-22 17:00:00,23104.861000000001,19804.671999999999
2026-02-22 18:00:00,24269.688999999998,21503.09
2026-02-22 19:00:00,25282.113000000001,22914.682000000001
2026-02-22 20:00:00,24400.105,22252.001
2026-02-22 21:00:00,22607.583999999999,20660.096000000001
2026-02-22 22:00:00,21029.43,19402.026000000002
2026-02-22 23:00:00,19949.093000000001,18445.875
2026-02-23 00:00:00,19722.264999999999,18284.686000000002
2026-02-23 01:00:00,19497.505000000001,18154.078000000001
2026-02-23 02:00:00,19333.919999999998,18066.741999999998
2026-02-23 03:00:00,19604.741999999998,18372.094000000001
2026-02-23 04:00:00,21055.362000000001,19851.663
2026-02-23 05:00:00,23339.566999999999,22140.485000000001
2026-02-23 06:00:00,23926.499,22661.348999999998
2026-02-23 07:00:00,22560.809000000001,20730.984
2026-02-23 08:00:00,22655.932000000001,20108.398000000001
2026-02-23 09:00:00,23151.404999999999,20116.991000000002
2026-02-23 10:00:00,23042.25,19806.513999999999
2026-02-23 11:00:00,23054.501,19699.937999999998
2026-02-23 12:00:00,23065.527999999998,19627.044999999998
2026-02-23 13:00:00,23212.118999999999,19739.137999999999
2026-02-23 14:00:00,23488.099999999999,19957.053
2026-02-23 15:00:00,24125.366999999998,20634.564999999999
2026-02-23 16:00:00,24688.527999999998,21253.920999999998
2026-02-23 17:00:00,25401.342000000001,22101.151999999998
2026-02-23 18:00:00,25845.201000000001,23078.601999999999
2026-02-23 19:00:00,26670.511999999999,24303.080999999998
2026-02-23 20:00:00,25461.126,23313.022000000001
2026-02-23 21:00:00,23916.933000000001,21969.445
2026-02-23 22:00:00,22355.045999999998,20727.643
2026-02-23 23:00:00,21357.877,19854.659
2026-02-24 00:00:00,20741.542000000001,19303.963
2026-02-24 01:00:00,20383.379000000001,19039.952000000001
2026-02-24 02:00:00,20227.159,18959.981
2026-02-24 03:00:00,20492.874,19260.225999999999
2026-02-24 04:00:00,21712.046999999999,20508.348000000002
2026-02-24 05:00:00,24242.837,23043.754000000001
2026-02-24 06:00:00,24616.516,23351.366999999998
2026-02-24 07:00:00,22578.536,20748.709999999999
2026-02-24 08:00:00,22604.601999999999,20057.067999999999
2026-02-24 09:00:00,22696.468000000001,19662.054
2026-02-24 10:00:00,22681.878000000001,19446.142
2026-02-24 11:00:00,22755.831999999999,19401.269
2026-02-24 12:00:00,22903.371999999999,19464.888999999999
2026-02-24 13:00:00,23156.473000000002,19683.491999999998
2026-02-24 14:00:00,23492.245999999999,19961.199000000001
2026-02-24 15:00:00,24408.351999999999,20917.549999999999
2026-02-24 16:00:00,24986.985000000001,21552.377
2026-02-24 17:00:00,25664.471000000001,22364.280999999999
2026-02-24 18:00:00,26129.787,23363.187999999998
2026-02-24 19:00:00,26863.41,24495.978999999999
2026-02-24 20:00:00,25640.187999999998,23492.083999999999
2026-02-24 21:00:00,24130.800999999999,22183.313999999998
2026-02-24 22:00:00,22562.506000000001,20935.102999999999
2026-02-24 23:00:00,21440.423999999999,19937.205999999998
2026-02-25 00:00:00,20821.203000000001,19383.624
2026-02-25 01:00:00,20440.379000000001,19096.952000000001
2026-02-25 02:00:00,20338.423999999999,19071.245999999999
2026-02-25 03:00:00,20506.280999999999,19273.633000000002
2026-02-25 04:00:00,21788,20584.300999999999
2026-02-25 05:00:00,24101.028999999999,22901.947
2026-02-25 06:00:00,24251.306,22986.156999999999
2026-02-25 07:00:00,22955.302,21125.475999999999
2026-02-25 08:00:00,22799.168000000001,20251.633999999998
2026-02-25 09:00:00,23019.116000000002,19984.702000000001
2026-02-25 10:00:00,22961.304,19725.566999999999
2026-02-25 11:00:00,23089.969000000001,19735.405999999999
2026-02-25 12:00:00,23167.262999999999,19728.779999999999
2026-02-25 13:00:00,23212.305,19739.324000000001
2026-02-25 14:00:00,23556.011999999999,20024.965
2026-02-25 15:00:00,24276.305,20785.503000000001
2026-02-25 16:00:00,24605.883000000002,21171.275000000001
2026-02-25 17:00:00,25278.294999999998,21978.106
2026-02-25 18:00:00,25842.803,23076.204000000002
2026-02-25 19:00:00,26775.306,24407.875
2026-02-25 20:00:00,25388.554,23240.450000000001
2026-02-25 21:00:00,24038.870999999999,22091.383999999998
2026-02-25 22:00:00,22401.251,20773.847000000002
2026-02-25 23:00:00,21126.152999999998,19622.935000000001
2026-02-26 00:00:00,20341.785,18904.205999999998
2026-02-26 01:00:00,20144.867999999999,18801.440999999999
2026-02-26 02:00:00,19996.421999999999,18729.242999999999
2026-02-26 03:00:00,20215.946,18983.297999999999
2026-02-26 04:00:00,21571.758000000002,20368.059000000001
2026-02-26 05:00:00,24014.598000000002,22815.516
2026-02-26 06:00:00,24344.766,23079.616000000002
2026-02-26 07:00:00,23031.674999999999,21201.849999999999
2026-02-26 08:00:00,23004.626,20457.092000000001
2026-02-26 09:00:00,23137.222000000002,20102.808000000001
2026-02-26 10:00:00,23052.019,19816.282999999999
2026-02-26 11:00:00,23166.853999999999,19812.291000000001
2026-02-26 12:00:00,23268.832999999999,19830.349999999999
2026-02-26 13:00:00,23568.839,20095.858
2026-02-26 14:00:00,23956.962,20425.915000000001
2026-02-26 15:00:00,24288.490000000002,20797.687999999998
2026-02-26 16:00:00,25076.616999999998,21642.009999999998
2026-02-26 17:00:00,25453.34,22153.151000000002
2026-02-26 18:00:00,25930.697,23164.098000000002
2026-02-26 19:00:00,26649.958999999999,24282.527999999998
2026-02-26 20:00:00,25699.703000000001,23551.598999999998
2026-02-26 21:00:00,24351.565999999999,22404.079000000002
2026-02-26 22:00:00,22590.559000000001,20963.154999999999
2026-02-26 23:00:00,21480.896000000001,19977.678
2026-02-27 00:00:00,20712.629000000001,19275.049999999999
2026-02-27 01:00:00,20362.502,19019.075000000001
2026-02-27 02:00:00,20273.982,19006.804
2026-02-27 03:00:00,20422.391,19189.743999999999
2026-02-27 04:00:00,21754.709999999999,20551.010999999999
2026-02-27 05:00:00,23992.436000000002,22793.352999999999
2026-02-27 06:00:00,24402.087,23136.937000000002
2026-02-27 07:00:00,23249.913,21420.087
2026-02-27 08:00:00,23464.472000000002,20916.937999999998
2026-02-27 09:00:00,23762.540000000001,20728.125
2026-02-27 10:00:00,23598.167000000001,20362.431
2026-02-27 11:00:00,23628.204000000002,20273.639999999999
2026-02-27 12:00:00,23572.349999999999,20133.866999999998
2026-02-27 13:00:00,23450.773000000001,19977.792000000001
2026-02-27 14:00:00,23604.882000000001,20073.834999999999
2026-02-27 15:00:00,23820.344000000001,20329.542000000001
2026-02-27 16:00:00,24077.262999999999,20642.655999999999
2026-02-27 17:00:00,24529.728999999999,21229.539000000001
2026-02-27 18:00:00,25027.572,22260.973999999998
2026-02-27 19:00:00,25700.919000000002,23333.488000000001
2026-02-27 20:00:00,25070.111000000001,22922.006000000001
2026-02-27 21:00:00,24028.163,22080.675999999999
2026-02-27 22:00:00,22749.531999999999,21122.128000000001
2026-02-27 23:00:00,21742.996999999999,20239.778999999999
2026-02-28 00:00:00,21236.170999999998,19798.592000000001
2026-02-28 01:00:00,20858.202000000001,19514.775000000001
2026-02-28 02:00:00,20554.547999999999,19287.368999999999
2026-02-28 03:00:00,20347.394,19114.745999999999
2026-02-28 04:00:00,20624.297999999999,19420.598999999998
2026-02-28 05:00:00,20954.241999999998,19755.16
2026-02-28 06:00:00,21594.366000000002,20329.216
2026-02-28 07:00:00,22046.316999999999,20216.491999999998
2026-02-28 08:00:00,22416.106,19868.572
2026-02-28 09:00:00,22504.484,19470.07
2026-02-28 10:00:00,22305.901000000002,19070.165000000001
2026-02-28 11:00:00,22412.791000000001,19058.227999999999
2026-02-28 12:00:00,22169.151000000002,18730.668000000001
2026-02-28 13:00:00,21884.75,18411.769
2026-02-28 14:00:00,21807.314999999999,18276.268
2026-02-28 15:00:00,21955.212,18464.41
2026-02-28 16:00:00,22467.862000000001,19033.254000000001
2026-02-28 17:00:00,23096.968000000001,19796.777999999998
2026-02-28 18:00:00,24186.878000000001,21420.279999999999
2026-02-28 19:00:00,25056.721000000001,22689.290000000001
2026-02-28 20:00:00,24224.190999999999,22076.087
2026-02-28 21:00:00,22976.710999999999,21029.223999999998
2026-02-28 22:00:00,21604.700000000001,19977.295999999998
2026-02-28 23:00:00,20624.916000000001,19121.698
2026-03-01 00:00:00,19892.697,18651.873
2026-03-01 01:00:00,19423.187999999998,18285.624
2026-03-01 02:00:00,19235.080999999998,18146.603999999999
2026-03-01 03:00:00,19198.728999999999,18134.656999999999
2026-03-01 04:00:00,19507.093000000001,18475.880000000001
2026-03-01 05:00:00,19837.138999999999,18823.389999999999
2026-03-01 06:00:00,20660.476999999999,19616.731
2026-03-01 07:00:00,21473.518,20058.478999999999
2026-03-01 08:00:00,21918.446,19828.811000000002
2026-03-01 09:00:00,22156.931,19517.82
2026-03-01 10:00:00,21728.235000000001,18760.976999999999
2026-03-01 11:00:00,21605.767,18510.375
2026-03-01 12:00:00,21771.350999999999,18603.203000000001
2026-03-01 13:00:00,21678.883999999998,18428.613000000001
2026-03-01 14:00:00,21571.092000000001,18323.871999999999
2026-03-01 15:00:00,21716.395,18599.825000000001
2026-03-01 16:00:00,22487.081999999999,19553.040000000001
2026-03-01 17:00:00,23425.607,20849.502
2026-03-01 18:00:00,24346.475999999999,22258.973999999998
2026-03-01 19:00:00,25259.664000000001,23360.508000000002
2026-03-01 20:00:00,24437.331999999999,22675.248
2026-03-01 21:00:00,22786.696,21184.170999999998
2026-03-01 22:00:00,21185.025000000001,19844.003000000001
2026-03-01 23:00:00,20162.866999999998,18879.425999999999
2026-03-02 00:00:00,19444.615000000002,18203.790000000001
2026-03-02 01:00:00,19177.071,18039.508000000002
2026-03-02 02:00:00,19082.564999999999,17994.088
2026-03-02 03:00:00,19329.182000000001,18265.109
2026-03-02 04:00:00,20603.940999999999,19572.728999999999
2026-03-02 05:00:00,23037.527999999998,22023.778999999999
2026-03-02 06:00:00,23836.196,22792.451000000001
2026-03-02 07:00:00,22148.111000000001,20733.072
2026-03-02 08:00:00,22379.355,20289.719000000001
2026-03-02 09:00:00,22805.190999999999,20166.080000000002
2026-03-02 10:00:00,22798.827000000001,19831.569
2026-03-02 11:00:00,22750.550999999999,19655.159
2026-03-02 12:00:00,22715.969000000001,19547.821
2026-03-02 13:00:00,22859.332999999999,19609.062000000002
2026-03-02 14:00:00,23128.268,19881.048999999999
2026-03-02 15:00:00,23933.878000000001,20817.309000000001
2026-03-02 16:00:00,24586.452000000001,21652.41
2026-03-02 17:00:00,25015.796999999999,22439.692999999999
2026-03-02 18:00:00,25860.555,23773.053
2026-03-02 19:00:00,26363.366000000002,24464.208999999999
2026-03-02 20:00:00,25094.248,23332.165000000001
2026-03-02 21:00:00,23540.332999999999,21937.808000000001
2026-03-02 22:00:00,21934.955999999998,20593.934000000001
2026-03-02 23:00:00,20889.999,19606.558000000001
2026-03-03 00:00:00,20536.77,19295.946
2026-03-03 01:00:00,20190.709999999999,19053.147000000001
2026-03-03 02:00:00,19985.107,18896.630000000001
2026-03-03 03:00:00,20278.115000000002,19214.042000000001
2026-03-03 04:00:00,21615.042000000001,20583.830000000002
2026-03-03 05:00:00,23891.136999999999,22877.387999999999
2026-03-03 06:00:00,24495.261999999999,23451.517
2026-03-03 07:00:00,22659.920999999998,21244.883000000002
2026-03-03 08:00:00,22587.339,20497.704000000002
2026-03-03 09:00:00,22718.459999999999,20079.348999999998
2026-03-03 10:00:00,22507.959999999999,19540.701000000001
2026-03-03 11:00:00,22586.427,19491.035
2026-03-03 12:00:00,22576.643,19408.494999999999
2026-03-03 13:00:00,22707.717000000001,19457.446
2026-03-03 14:00:00,22984.966,19737.746999999999
2026-03-03 15:00:00,23939.885999999999,20823.315999999999
2026-03-03 16:00:00,24663.120999999999,21729.079000000002
2026-03-03 17:00:00,25191.487000000001,22615.383000000002
2026-03-03 18:00:00,25931.32,23843.817999999999
2026-03-03 19:00:00,26150.143,24250.987000000001
2026-03-03 20:00:00,25107.059000000001,23344.974999999999
2026-03-03 21:00:00,23540.859,21938.333999999999
2026-03-03 22:00:00,22120.169000000002,20779.147000000001
2026-03-03 23:00:00,21039.451000000001,19756.009999999998
2026-03-04 00:00:00,20485.083999999999,19244.259999999998
2026-03-04 01:00:00,20169.304,19031.740000000002
2026-03-04 02:00:00,20051.291000000001,18962.813999999998
2026-03-04 03:00:00,20358.135999999999,19294.062999999998
2026-03-04 04:00:00,21697.841,20666.628000000001
2026-03-04 05:00:00,24037.093000000001,23023.344000000001
2026-03-04 06:00:00,24444.290000000001,23400.544999999998
2026-03-04 07:00:00,22450.472000000002,21035.434000000001
2026-03-04 08:00:00,22353.832999999999,20264.198
2026-03-04 09:00:00,22610.827000000001,19971.717000000001
2026-03-04 10:00:00,22597.847000000002,19630.589
2026-03-04 11:00:00,22591.472000000002,19496.080000000002
2026-03-04 12:00:00,22538.214,19370.065999999999
2026-03-04 13:00:00,22685.346000000001,19435.075000000001
2026-03-04 14:00:00,23083.764999999999,19836.545999999998
2026-03-04 15:00:00,24145.756000000001,21029.187000000002
2026-03-04 16:00:00,24916.692999999999,21982.651000000002
2026-03-04 17:00:00,25241.572,22665.467000000001
2026-03-04 18:00:00,25852.704000000002,23765.202000000001
2026-03-04 19:00:00,26323.161,24424.005000000001
2026-03-04 20:00:00,25168.649000000001,23406.565999999999
2026-03-04 21:00:00,23619.508000000002,22016.983
2026-03-04 22:00:00,22144.119999999999,20803.098000000002
2026-03-04 23:00:00,21089.261999999999,19805.82
2026-03-05 00:00:00,20676.683000000001,19435.859
2026-03-05 01:00:00,20391.902999999998,19254.34
2026-03-05 02:00:00,20235.209999999999,19146.733
2026-03-05 03:00:00,20585.296999999999,19521.223999999998
2026-03-05 04:00:00,21980.670999999998,20949.458999999999
2026-03-05 05:00:00,24318.651999999998,23304.902999999998
2026-03-05 06:00:00,24744.026000000002,23700.280999999999
2026-03-05 07:00:00,22914.856,21499.817999999999
2026-03-05 08:00:00,22883.136999999999,20793.501
2026-03-05 09:00:00,23085.416000000001,20446.305
2026-03-05 10:00:00,23041.082999999999,20073.824000000001
2026-03-05 11:00:00,23040.606,19945.213
2026-03-05 12:00:00,23068.02,19899.871999999999
2026-03-05 13:00:00,23108.871999999999,19858.600999999999
2026-03-05 14:00:00,23482.133999999998,20234.915000000001
2026-03-05 15:00:00,24329.414000000001,21212.844000000001
2026-03-05 16:00:00,25041.32,22107.277999999998
2026-03-05 17:00:00,25495.228999999999,22919.125
2026-03-05 18:00:00,26050.934000000001,23963.432000000001
2026-03-05 19:00:00,26558.846000000001,24659.689999999999
2026-03-05 20:00:00,25539.246999999999,23777.163
2026-03-05 21:00:00,23929.018,22326.492999999999
2026-03-05 22:00:00,22500.987000000001,21159.965
2026-03-05 23:00:00,21448.535,20165.093000000001
2026-03-06 00:00:00,20871.118999999999,19630.294999999998
2026-03-06 01:00:00,20509.404999999999,19371.842000000001
2026-03-06 02:00:00,20381.097000000002,19292.619999999999
2026-03-06 03:00:00,20641.900000000001,19577.827000000001
2026-03-06 04:00:00,21998.404999999999,20967.191999999999
2026-03-06 05:00:00,24248.797999999999,23235.048999999999
2026-03-06 06:00:00,24764.026000000002,23720.280999999999
2026-03-06 07:00:00,23097.223999999998,21682.185000000001
2026-03-06 08:00:00,23084.376,20994.741000000002
2026-03-06 09:00:00,23343.661,20704.550999999999
2026-03-06 10:00:00,23275.309000000001,20308.049999999999
2026-03-06 11:00:00,23186.777999999998,20091.385999999999
2026-03-06 12:00:00,23196.242999999999,20028.096000000001
2026-03-06 13:00:00,23171.560000000001,19921.289000000001
2026-03-06 14:00:00,23479.720000000001,20232.501
2026-03-06 15:00:00,24056.472000000002,20939.901999999998
2026-03-06 16:00:00,24531.330000000002,21597.288
2026-03-06 17:00:00,24970.834999999999,22394.73
2026-03-06 18:00:00,25254.198,23166.696
2026-03-06 19:00:00,25673.077000000001,23773.920999999998
2026-03-06 20:00:00,24583.564999999999,22821.481
2026-03-06 21:00:00,23293.375,21690.849999999999
2026-03-06 22:00:00,22132.255000000001,20791.233
2026-03-06 23:00:00,21100.048999999999,19816.608
2026-03-07 00:00:00,20696.993999999999,19456.169999999998
2026-03-07 01:00:00,20280.585999999999,19143.023000000001
2026-03-07 02:00:00,20075.345000000001,18986.867999999999
2026-03-07 03:00:00,19994.273000000001,18930.201000000001
2026-03-07 04:00:00,20336.883000000002,19305.670999999998
2026-03-07 05:00:00,20592.348999999998,19578.599999999999
2026-03-07 06:00:00,21191.638999999999,20147.894
2026-03-07 07:00:00,21905.488000000001,20490.449000000001
2026-03-07 08:00:00,22463.760999999999,20374.126
2026-03-07 09:00:00,22403.080999999998,19763.970000000001
2026-03-07 10:00:00,21855.93,18888.671999999999
2026-03-07 11:00:00,21722.123,18626.731
2026-03-07 12:00:00,21628.489000000001,18460.341
2026-03-07 13:00:00,21303.223000000002,18052.952000000001
2026-03-07 14:00:00,21243.290000000001,17996.071
2026-03-07 15:00:00,21661.231,18544.662
2026-03-07 16:00:00,22302.889999999999,19368.847000000002
2026-03-07 17:00:00,22992.151999999998,20416.047999999999
2026-03-07 18:00:00,24390.655999999999,22303.153999999999
2026-03-07 19:00:00,24754.938999999998,22855.782999999999
2026-03-07 20:00:00,23902.455999999998,22140.371999999999
2026-03-07 21:00:00,22805.762999999999,21203.238000000001
2026-03-07 22:00:00,21402.277999999998,20061.256000000001
2026-03-07 23:00:00,20234.003000000001,18950.561000000002
2026-03-08 00:00:00,19594.526999999998,18353.703000000001
2026-03-08 01:00:00,19230.177,18092.614000000001
2026-03-08 02:00:00,19066.609,17978.132000000001
2026-03-08 03:00:00,19017.517,17953.445
2026-03-08 04:00:00,19283.544999999998,18252.331999999999
2026-03-08 05:00:00,19442.792000000001,18429.043000000001
2026-03-08 06:00:00,20169.414000000001,19125.669000000002
2026-03-08 07:00:00,21087.524000000001,19672.486000000001
2026-03-08 08:00:00,21518.18,19428.544999999998
2026-03-08 09:00:00,21508.127,18869.017
2026-03-08 10:00:00,20993.830999999998,18026.572
2026-03-08 11:00:00,20826.548999999999,17731.156999999999
2026-03-08 12:00:00,20754.346000000001,17586.198
2026-03-08 13:00:00,20533.762999999999,17283.491999999998
2026-03-08 14:00:00,20371.666000000001,17124.447
2026-03-08 15:00:00,20741.069,17624.5
2026-03-08 16:00:00,21504.993999999999,18570.952000000001
2026-03-08 17:00:00,22499.194,19923.09
2026-03-08 18:00:00,24024.042000000001,21936.540000000001
2026-03-08 19:00:00,24443.143,22543.987000000001
2026-03-08 20:00:00,23375.623,21613.539000000001
2026-03-08 21:00:00,22216.183000000001,20613.657999999999
2026-03-08 22:00:00,20653.779999999999,19312.758999999998
2026-03-08 23:00:00,19600.018,18316.576000000001
2026-03-09 00:00:00,19225.066999999999,17984.242999999999
2026-03-09 01:00:00,18874.145,17736.581999999999
2026-03-09 02:00:00,18809.485000000001,17721.008000000002
2026-03-09 03:00:00,19054.357,17990.285
2026-03-09 04:00:00,20399.362000000001,19368.149000000001
2026-03-09 05:00:00,22503.205000000002,21489.455999999998
2026-03-09 06:00:00,23610.058000000001,22566.312999999998
2026-03-09 07:00:00,22608.793000000001,21193.754000000001
2026-03-09 08:00:00,22854.832999999999,20765.198
2026-03-09 09:00:00,23023.474999999999,20384.364000000001
2026-03-09 10:00:00,23086.539000000001,20119.279999999999
2026-03-09 11:00:00,23349.133999999998,20253.741999999998
2026-03-09 12:00:00,23414.111000000001,20245.963
2026-03-09 13:00:00,23465.173999999999,20214.902999999998
2026-03-09 14:00:00,23755.899000000001,20508.68
2026-03-09 15:00:00,24546.929,21430.360000000001
2026-03-09 16:00:00,25136.266,22202.223999999998
2026-03-09 17:00:00,25349.262999999999,22773.159
2026-03-09 18:00:00,26114.506000000001,24027.004000000001
2026-03-09 19:00:00,26069.865000000002,24170.708999999999
2026-03-09 20:00:00,24709.884999999998,22947.802
2026-03-09 21:00:00,23131.011999999999,21528.487000000001
2026-03-09 22:00:00,21640.585999999999,20299.564999999999
2026-03-09 23:00:00,20658.876,19375.434000000001
2026-03-10 00:00:00,20217.037,18976.213
2026-03-10 01:00:00,19871.598000000002,18734.035
2026-03-10 02:00:00,19681.288,18592.811000000002
2026-03-10 03:00:00,19933.981,18869.909
2026-03-10 04:00:00,21223.456999999999,20192.243999999999
2026-03-10 05:00:00,23333.950000000001,22320.200000000001
2026-03-10 06:00:00,24191.235000000001,23147.490000000002
2026-03-10 07:00:00,23091.258000000002,21676.220000000001
2026-03-10 08:00:00,23133.753000000001,21044.117999999999
2026-03-10 09:00:00,23180.754000000001,20541.644
2026-03-10 10:00:00,23030.208999999999,20062.950000000001
2026-03-10 11:00:00,23082.971000000001,19987.579000000002
2026-03-10 12:00:00,23049.09,19880.941999999999
2026-03-10 13:00:00,23138.705000000002,19888.434000000001
2026-03-10 14:00:00,23632.726999999999,20385.508000000002
2026-03-10 15:00:00,24478.192999999999,21361.623
2026-03-10 16:00:00,25083.154999999999,22149.113000000001
2026-03-10 17:00:00,25557.944,22981.84
2026-03-10 18:00:00,26247.406999999999,24159.904999999999
2026-03-10 19:00:00,26109.582999999999,24210.427
2026-03-10 20:00:00,24772.724999999999,23010.642
2026-03-10 21:00:00,23065.883000000002,21463.358
2026-03-10 22:00:00,21596.940999999999,20255.919999999998
2026-03-10 23:00:00,20631.404999999999,19347.964
2026-03-11 00:00:00,20308.310000000001,19067.486000000001
2026-03-11 01:00:00,20007.038,18869.473999999998
2026-03-11 02:00:00,19886.173999999999,18797.697
2026-03-11 03:00:00,20140.420999999998,19076.348000000002
2026-03-11 04:00:00,21564.616000000002,20533.403999999999
2026-03-11 05:00:00,23622.975999999999,22609.226999999999
2026-03-11 06:00:00,24440.892,23397.147000000001
2026-03-11 07:00:00,23106.911,21691.873
2026-03-11 08:00:00,23035.758999999998,20946.124
2026-03-11 09:00:00,23193.391,20554.280999999999
2026-03-11 10:00:00,23320.492999999999,20353.234
2026-03-11 11:00:00,23193.819,20098.427
2026-03-11 12:00:00,23207.883999999998,20039.736000000001
2026-03-11 13:00:00,23348.484,20098.213
2026-03-11 14:00:00,23677.616000000002,20430.397000000001
2026-03-11 15:00:00,24650.196,21533.626
2026-03-11 16:00:00,25442.215,22508.171999999999
2026-03-11 17:00:00,25664.895,23088.791000000001
2026-03-11 18:00:00,26313.469000000001,24225.968000000001
2026-03-11 19:00:00,26050.897000000001,24151.740000000002
2026-03-11 20:00:00,24852.437999999998,23090.353999999999
2026-03-11 21:00:00,23238.866999999998,21636.342000000001
2026-03-11 22:00:00,21826.187000000002,20485.166000000001
2026-03-11 23:00:00,20754.663,19471.222000000002
2026-03-12 00:00:00,20293.393,19052.569
2026-03-12 01:00:00,20104.171999999999,18966.609
2026-03-12 02:00:00,19988.296999999999,18899.82
2026-03-12 03:00:00,20220.244999999999,19156.172999999999
2026-03-12 04:00:00,21553.945,20522.732
2026-03-12 05:00:00,23814.866000000002,22801.116999999998
2026-03-12 06:00:00,24646.223999999998,23602.478999999999
2026-03-12 07:00:00,23296.484,21881.445
2026-03-12 08:00:00,23290.831999999999,21201.196
2026-03-12 09:00:00,23305.249,20666.137999999999
2026-03-12 10:00:00,23252.831999999999,20285.574000000001
2026-03-12 11:00:00,23292.144,20196.752
2026-03-12 12:00:00,23427.379000000001,20259.231
2026-03-12 13:00:00,23573.089,20322.817999999999
2026-03-12 14:00:00,23915.780999999999,20668.562000000002
2026-03-12 15:00:00,24760.082999999999,21643.513999999999
2026-03-12 16:00:00,25211.543000000001,22277.5
2026-03-12 17:00:00,25561.190999999999,22985.085999999999
2026-03-12 18:00:00,25980.151000000002,23892.649000000001
2026-03-12 19:00:00,25856.636999999999,23957.481
2026-03-12 20:00:00,24609.048999999999,22846.966
2026-03-12 21:00:00,23045.830999999998,21443.306
2026-03-12 22:00:00,21702.224999999999,20361.204000000002
2026-03-12 23:00:00,20705.564999999999,19422.124
2026-03-13 00:00:00,20211.525000000001,18970.701000000001
2026-03-13 01:00:00,19884.370999999999,18746.808000000001
2026-03-13 02:00:00,19737.305,18648.828000000001
2026-03-13 03:00:00,20151.982,19087.91
2026-03-13 04:00:00,21491.468000000001,20460.256000000001
2026-03-13 05:00:00,23645.393,22631.644
2026-03-13 06:00:00,24478.867999999999,23435.123
2026-03-13 07:00:00,23342.161,21927.121999999999
2026-03-13 08:00:00,23530.681,21441.045999999998
2026-03-13 09:00:00,23682.021000000001,21042.91
2026-03-13 10:00:00,23646.866000000002,20679.607
2026-03-13 11:00:00,23588.376,20492.984
2026-03-13 12:00:00,23611.736000000001,20443.588
2026-03-13 13:00:00,23564.692999999999,20314.421999999999
2026-03-13 14:00:00,23746.849999999999,20499.631000000001
2026-03-13 15:00:00,24291.420999999998,21174.851999999999
2026-03-13 16:00:00,24791.602999999999,21857.561000000002
2026-03-13 17:00:00,25096.749,22520.645
2026-03-13 18:00:00,25513.903999999999,23426.401999999998
2026-03-13 19:00:00,25301.866999999998,23402.710999999999
2026-03-13 20:00:00,24097.598999999998,22335.516
2026-03-13 21:00:00,22814.218000000001,21211.692999999999
2026-03-13 22:00:00,21736.817999999999,20395.796999999999
2026-03-13 23:00:00,20704.998,19421.557000000001
2026-03-14 00:00:00,20232.611000000001,18991.787
2026-03-14 01:00:00,19856.978999999999,18719.416000000001
2026-03-14 02:00:00,19634.079000000002,18545.601999999999
2026-03-14 03:00:00,19595.266,18531.194
2026-03-14 04:00:00,20030.841,18999.629000000001
2026-03-14 05:00:00,20345.153999999999,19331.404999999999
2026-03-14 06:00:00,21103.257000000001,20059.510999999999
2026-03-14 07:00:00,22254.002,20838.964
2026-03-14 08:00:00,23100.258000000002,21010.623
2026-03-14 09:00:00,23251.815999999999,20612.705000000002
2026-03-14 10:00:00,22743.929,19776.669999999998
2026-03-14 11:00:00,22485.316999999999,19389.923999999999
2026-03-14 12:00:00,22237.569,19069.420999999998
2026-03-14 13:00:00,22071.377,18821.105
2026-03-14 14:00:00,22048.387999999999,18801.169000000002
2026-03-14 15:00:00,22245.684000000001,19129.114000000001
2026-03-14 16:00:00,22635.868999999999,19701.827000000001
2026-03-14 17:00:00,23216.610000000001,20640.505000000001
2026-03-14 18:00:00,24619.779999999999,22532.278999999999
2026-03-14 19:00:00,24542.292000000001,22643.135999999999
2026-03-14 20:00:00,23253.914000000001,21491.830000000002
2026-03-14 21:00:00,22127.001,20524.475999999999
2026-03-14 22:00:00,20819.815999999999,19478.794999999998
2026-03-14 23:00:00,19688.166000000001,18404.724999999999
2026-03-15 00:00:00,19185.463,17944.638999999999
2026-03-15 01:00:00,18886.717000000001,17749.153999999999
2026-03-15 02:00:00,18701.337,17612.860000000001
2026-03-15 03:00:00,18700.654999999999,17636.581999999999
2026-03-15 04:00:00,18985.385999999999,17954.172999999999
2026-03-15 05:00:00,19111.205000000002,18097.455999999998
2026-03-15 06:00:00,19879.743999999999,18835.999
2026-03-15 07:00:00,21409.035,19993.995999999999
2026-03-15 08:00:00,22242.868999999999,20153.233
2026-03-15 09:00:00,22613.948,19974.838
2026-03-15 10:00:00,22213.166000000001,19245.906999999999
2026-03-15 11:00:00,22066.035,18970.643
2026-03-15 12:00:00,21882.434000000001,18714.286
2026-03-15 13:00:00,21737.832999999999,18487.562000000002
2026-03-15 14:00:00,21627.616000000002,18380.397000000001
2026-03-15 15:00:00,22061.630000000001,18945.061000000002
2026-03-15 16:00:00,22672.077000000001,19738.034
2026-03-15 17:00:00,23622.596000000001,21046.491999999998
2026-03-15 18:00:00,25049.833999999999,22962.331999999999
2026-03-15 19:00:00,24790.281999999999,22891.126
2026-03-15 20:00:00,23271.136999999999,21509.054
2026-03-15 21:00:00,21826.990000000002,20224.465
2026-03-15 22:00:00,20299.706999999999,18958.685000000001
2026-03-15 23:00:00,19277.826000000001,17994.384999999998
2026-03-16 00:00:00,19077.968000000001,17837.144
2026-03-16 01:00:00,18806.870999999999,17669.308000000001
2026-03-16 02:00:00,18682.630000000001,17594.152999999998
2026-03-16 03:00:00,19015.411,17951.338
2026-03-16 04:00:00,20396.912,19365.699000000001
2026-03-16 05:00:00,22637.315999999999,21623.565999999999
2026-03-16 06:00:00,23828.351999999999,22784.607
2026-03-16 07:00:00,22902.843000000001,21487.805
2026-03-16 08:00:00,23082.394,20992.758000000002
2026-03-16 09:00:00,23194.659,20555.548999999999
2026-03-16 10:00:00,23190.705000000002,20223.446
2026-03-16 11:00:00,23390.940999999999,20295.547999999999
2026-03-16 12:00:00,23384.641,20216.492999999999
2026-03-16 13:00:00,23421.183000000001,20170.912
2026-03-16 14:00:00,23659.453000000001,20412.234
2026-03-16 15:00:00,24370.331999999999,21253.761999999999
2026-03-16 16:00:00,25062.133999999998,22128.091
2026-03-16 17:00:00,25447.613000000001,22871.508000000002
2026-03-16 18:00:00,26262.02,24174.519
2026-03-16 19:00:00,26051.007000000001,24151.850999999999
2026-03-16 20:00:00,24706.062000000002,22943.978999999999
2026-03-16 21:00:00,22973.382000000001,21370.857
2026-03-16 22:00:00,21433.960999999999,20092.938999999998
2026-03-16 23:00:00,20422.435000000001,19138.993999999999
2026-03-17 00:00:00,19952.400000000001,18711.576000000001
2026-03-17 01:00:00,19668.868999999999,18531.306
2026-03-17 02:00:00,19502.555,18414.078000000001
2026-03-17 03:00:00,19750.576000000001,18686.504000000001
2026-03-17 04:00:00,21114.536,20083.323
2026-03-17 05:00:00,23302.155999999999,22288.406999999999
2026-03-17 06:00:00,24261.168000000001,23217.421999999999
2026-03-17 07:00:00,23136.700000000001,21721.661
2026-03-17 08:00:00,23138.027999999998,21048.392
2026-03-17 09:00:00,23190.898000000001,20551.787
2026-03-17 10:00:00,23119.599999999999,20152.341
2026-03-17 11:00:00,23153.326000000001,20057.934000000001
2026-03-17 12:00:00,23115.433000000001,19947.285
2026-03-17 13:00:00,23219.828000000001,19969.557000000001
2026-03-17 14:00:00,23675.696,20428.476999999999
2026-03-17 15:00:00,24417.805,21301.235000000001
2026-03-17 16:00:00,25140.123,22206.080999999998
2026-03-17 17:00:00,25597.806,23021.702000000001
2026-03-17 18:00:00,26338.348000000002,24250.846000000001
2026-03-17 19:00:00,26050.897000000001,24151.741000000002
2026-03-17 20:00:00,24648.960999999999,22886.878000000001
2026-03-17 21:00:00,22858.089,21255.563999999998
2026-03-17 22:00:00,21442.448,20101.425999999999
2026-03-17 23:00:00,20465.920999999998,19182.48
2026-03-18 00:00:00,20058.233,18817.409
2026-03-18 01:00:00,19740.154999999999,18602.592000000001
2026-03-18 02:00:00,19609.267,18520.790000000001
2026-03-18 03:00:00,19901.554,18837.481
2026-03-18 04:00:00,21341.692999999999,20310.48
2026-03-18 05:00:00,23434.076000000001,22420.327000000001
2026-03-18 06:00:00,24405.866000000002,23362.120999999999
2026-03-18 07:00:00,23309.691999999999,21894.653999999999
2026-03-18 08:00:00,23284.791000000001,21195.154999999999
2026-03-18 09:00:00,23346.088,20706.976999999999
2026-03-18 10:00:00,23470.365000000002,20503.107
2026-03-18 11:00:00,23417.763999999999,20322.371999999999
2026-03-18 12:00:00,23304.186000000002,20136.038
2026-03-18 13:00:00,23440.403999999999,20190.133000000002
2026-03-18 14:00:00,23843.892,20596.672999999999
2026-03-18 15:00:00,24704.464,21587.894
2026-03-18 16:00:00,25471.413,22537.369999999999
2026-03-18 17:00:00,25808.064999999999,23231.960999999999
2026-03-18 18:00:00,26629.302,24541.800999999999
2026-03-18 19:00:00,26225.077000000001,24325.920999999998
2026-03-18 20:00:00,24883.702000000001,23121.617999999999
2026-03-18 21:00:00,23149.974999999999,21547.449000000001
2026-03-18 22:00:00,21682.920999999998,20341.899000000001
2026-03-18 23:00:00,20655.262999999999,19371.821
2026-03-19 00:00:00,19642.091,18401.267
2026-03-19 01:00:00,19400.954000000002,18263.389999999999
2026-03-19 02:00:00,19263.383999999998,18174.906999999999
2026-03-19 03:00:00,19515.513999999999,18451.440999999999
2026-03-19 04:00:00,20888.196,19856.983
2026-03-19 05:00:00,23081.419000000002,22067.669000000002
2026-03-19 06:00:00,24164.348000000002,23120.602999999999
2026-03-19 07:00:00,23425.435000000001,22010.397000000001
2026-03-19 08:00:00,23510.832999999999,21421.198
2026-03-19 09:00:00,23383.323,20744.213
2026-03-19 10:00:00,23357.278999999999,20390.02
2026-03-19 11:00:00,23373.385999999999,20277.993999999999
2026-03-19 12:00:00,23354.985000000001,20186.838
2026-03-19 13:00:00,23485.107,20234.835999999999
2026-03-19 14:00:00,23881.968000000001,20634.749
2026-03-19 15:00:00,24570.425999999999,21453.857
2026-03-19 16:00:00,25169.303,22235.260999999999
2026-03-19 17:00:00,25615.723000000002,23039.617999999999
2026-03-19 18:00:00,26250.116000000002,24162.614000000001
2026-03-19 19:00:00,25796.431,23897.275000000001
2026-03-19 20:00:00,24163.187999999998,22401.105
2026-03-19 21:00:00,22592.240000000002,20989.715
2026-03-19 22:00:00,21179.960999999999,19838.938999999998
2026-03-19 23:00:00,20199.636999999999,18916.196
2026-03-20 00:00:00,19383.883000000002,18143.058000000001
2026-03-20 01:00:00,19012.083999999999,17874.521000000001
2026-03-20 02:00:00,18892.305,17803.828000000001
2026-03-20 03:00:00,19145.582999999999,18081.510999999999
2026-03-20 04:00:00,20372.774000000001,19341.561000000002
2026-03-20 05:00:00,22124.306,21110.557000000001
2026-03-20 06:00:00,23060.361000000001,22016.616000000002
2026-03-20 07:00:00,22913.044999999998,21498.007000000001
2026-03-20 08:00:00,23500.563999999998,21410.929
2026-03-20 09:00:00,23536.339,20897.227999999999
2026-03-20 10:00:00,23529.139999999999,20561.881000000001
2026-03-20 11:00:00,23406.064999999999,20310.672999999999
2026-03-20 12:00:00,23427.022000000001,20258.874
2026-03-20 13:00:00,23348.892,20098.620999999999
2026-03-20 14:00:00,23441.895,20194.675999999999
2026-03-20 15:00:00,23581.875,20465.305
2026-03-20 16:00:00,23921.519,20987.476999999999
2026-03-20 17:00:00,24081.091,21504.987000000001
2026-03-20 18:00:00,24487.931,22400.429
2026-03-20 19:00:00,24404.754000000001,22505.598000000002
2026-03-20 20:00:00,23291.034,21528.951000000001
2026-03-20 21:00:00,22040.871999999999,20438.347000000002
2026-03-20 22:00:00,20930.169000000002,19589.148000000001
2026-03-20 23:00:00,19940.245999999999,18656.804
2026-03-21 00:00:00,19488.631000000001,18247.807000000001
2026-03-21 01:00:00,19055.581999999999,17918.019
2026-03-21 02:00:00,18907.637999999999,17819.161
2026-03-21 03:00:00,18880.414000000001,17816.341
2026-03-21 04:00:00,19261.117999999999,18229.905999999999
2026-03-21 05:00:00,19560.335999999999,18546.587
2026-03-21 06:00:00,20517.275000000001,19473.529999999999
2026-03-21 07:00:00,21882.681,20467.643
2026-03-21 08:00:00,22745.397000000001,20655.760999999999
2026-03-21 09:00:00,22941.825000000001,20302.714
2026-03-21 10:00:00,22677.029999999999,19709.771000000001
2026-03-21 11:00:00,22462.589,19367.197
2026-03-21 12:00:00,22279.767,19111.618999999999
2026-03-21 13:00:00,22063.223999999998,18812.953000000001
2026-03-21 14:00:00,22055.488000000001,18808.269
2026-03-21 15:00:00,22146.756000000001,19030.186000000002
2026-03-21 16:00:00,22557.871999999999,19623.830000000002
2026-03-21 17:00:00,23043.054,20466.949000000001
2026-03-21 18:00:00,23878.510999999999,21791.008999999998
2026-03-21 19:00:00,23901.451000000001,22002.294999999998
2026-03-21 20:00:00,22728.896000000001,20966.812000000002
2026-03-21 21:00:00,21399.425999999999,19796.901000000002
2026-03-21 22:00:00,20244.428,18903.405999999999
2026-03-21 23:00:00,19308.169999999998,18024.727999999999
2026-03-22 00:00:00,18764.151999999998,17523.328000000001
2026-03-22 01:00:00,18417.958999999999,17280.396000000001
2026-03-22 02:00:00,18241.941999999999,17153.465
2026-03-22 03:00:00,18220.127,17156.055
2026-03-22 04:00:00,18506.021000000001,17474.808000000001
2026-03-22 05:00:00,18694.485000000001,17680.735000000001
2026-03-22 06:00:00,19615.189999999999,18571.445
2026-03-22 07:00:00,21272.487000000001,19857.449000000001
2026-03-22 08:00:00,22115.362000000001,20025.725999999999
2026-03-22 09:00:00,22332.543000000001,19693.432000000001
2026-03-22 10:00:00,22171.246999999999,19203.988000000001
2026-03-22 11:00:00,22033.441999999999,18938.049999999999
2026-03-22 12:00:00,22022.053,18853.905999999999
2026-03-22 13:00:00,21921.429,18671.157999999999
2026-03-22 14:00:00,21826.098000000002,18578.879000000001
2026-03-22 15:00:00,21992.046999999999,18875.476999999999
2026-03-22 16:00:00,22569.513999999999,19635.472000000002
2026-03-22 17:00:00,23135.113000000001,20559.008000000002
2026-03-22 18:00:00,24009.431,21921.929
2026-03-22 19:00:00,24081.625,22182.469000000001
2026-03-22 20:00:00,23044.272000000001,21282.187999999998
2026-03-22 21:00:00,21556.48,19953.955000000002
2026-03-22 22:00:00,20183.939999999999,18842.918000000001
2026-03-22 23:00:00,19500.822,18217.380000000001
2026-03-23 00:00:00,19179.170999999998,17938.347000000002
2026-03-23 01:00:00,18927.047999999999,17789.485000000001
2026-03-23 02:00:00,18824.650000000001,17736.172999999999
2026-03-23 03:00:00,19144.723000000002,18080.650000000001
2026-03-23 04:00:00,20368.966,19337.754000000001
2026-03-23 05:00:00,22467.299999999999,21453.550999999999
2026-03-23 06:00:00,23609.295999999998,22565.550999999999
2026-03-23 07:00:00,22730.223999999998,21315.186000000002
2026-03-23 08:00:00,22976.716,20887.080000000002
2026-03-23 09:00:00,23260.373,20621.262999999999
2026-03-23 10:00:00,23318.960999999999,20351.702000000001
2026-03-23 11:00:00,23473.201000000001,20377.808000000001
2026-03-23 12:00:00,23363.335999999999,20195.188999999998
2026-03-23 13:00:00,23431.977999999999,20181.706999999999
2026-03-23 14:00:00,23832.518,20585.298999999999
2026-03-23 15:00:00,24657.341,21540.772000000001
2026-03-23 16:00:00,25244.687000000002,22310.645
2026-03-23 17:00:00,25472.93,22896.826000000001
2026-03-23 18:00:00,26203.359,24115.857
2026-03-23 19:00:00,25902.195,24003.038
2026-03-23 20:00:00,24528.975999999999,22766.892
2026-03-23 21:00:00,23016.556,21414.030999999999
2026-03-23 22:00:00,21619.209999999999,20278.188999999998
2026-03-23 23:00:00,20572.580000000002,19289.137999999999
2026-03-24 00:00:00,20123.928,18883.103999999999
2026-03-24 01:00:00,19881.073,18743.508999999998
2026-03-24 02:00:00,19736.933000000001,18648.455999999998
2026-03-24 03:00:00,19902.045999999998,18837.973999999998
2026-03-24 04:00:00,21202.288,20171.076000000001
2026-03-24 05:00:00,23220.960999999999,22207.212
2026-03-24 06:00:00,23988.213,22944.468000000001
2026-03-24 07:00:00,22984.462,21569.423999999999
2026-03-24 08:00:00,23028.709999999999,20939.075000000001
2026-03-24 09:00:00,23146.810000000001,20507.699000000001
2026-03-24 10:00:00,23057.690999999999,20090.432000000001
2026-03-24 11:00:00,23118.650000000001,20023.258000000002
2026-03-24 12:00:00,23102.756000000001,19934.609
2026-03-24 13:00:00,23198.674999999999,19948.403999999999
2026-03-24 14:00:00,23627.306,20380.087
2026-03-24 15:00:00,24430.434000000001,21313.865000000002
2026-03-24 16:00:00,25084.508999999998,22150.466
2026-03-24 17:00:00,25554.273000000001,22978.169000000002
2026-03-24 18:00:00,26254.260999999999,24166.759999999998
2026-03-24 19:00:00,25882.877,23983.721000000001
2026-03-24 20:00:00,24603.136999999999,22841.054
2026-03-24 21:00:00,23048.142,21445.616999999998
2026-03-24 22:00:00,21717.881000000001,20376.859
2026-03-24 23:00:00,20720.678,19437.236000000001
2026-03-25 00:00:00,20243.492999999999,19002.669000000002
2026-03-25 01:00:00,19947.732,18810.169000000002
2026-03-25 02:00:00,19852.705000000002,18764.227999999999
2026-03-25 03:00:00,20108.651000000002,19044.579000000002
2026-03-25 04:00:00,21406.017,20374.804
2026-03-25 05:00:00,23187.377,22173.628000000001
2026-03-25 06:00:00,24054.113000000001,23010.367999999999
2026-03-25 07:00:00,23136.319,21721.280999999999
2026-03-25 08:00:00,23241.733,21152.097000000002
2026-03-25 09:00:00,23299.43,20660.32
2026-03-25 10:00:00,23465.226999999999,20497.968000000001
2026-03-25 11:00:00,23379.882000000001,20284.490000000002
2026-03-25 12:00:00,23347.675999999999,20179.527999999998
2026-03-25 13:00:00,23508.343000000001,20258.072
2026-03-25 14:00:00,23915.901999999998,20668.683000000001
2026-03-25 15:00:00,24782.464,21665.895
2026-03-25 16:00:00,25470.630000000001,22536.588
2026-03-25 17:00:00,25610.587,23034.483
2026-03-25 18:00:00,26143.259999999998,24055.758999999998
2026-03-25 19:00:00,25606.453000000001,23707.296999999999
2026-03-25 20:00:00,24407.207999999999,22645.125
2026-03-25 21:00:00,22827.379000000001,21224.853999999999
2026-03-25 22:00:00,21459.133000000002,20118.112000000001
2026-03-25 23:00:00,20530.561000000002,19247.118999999999
2026-03-26 00:00:00,20063.735000000001,18822.911
2026-03-26 01:00:00,19755.23,18617.667000000001
2026-03-26 02:00:00,19720.450000000001,18631.973000000002
2026-03-26 03:00:00,19922.788,18858.715
2026-03-26 04:00:00,21183.858,20152.645
2026-03-26 05:00:00,23036.133999999998,22022.384999999998
2026-03-26 06:00:00,23924.563999999998,22880.817999999999
2026-03-26 07:00:00,23285.744999999999,21870.705999999998
2026-03-26 08:00:00,23538.806,21449.170999999998
2026-03-26 09:00:00,23584.914000000001,20945.803
2026-03-26 10:00:00,23525.937000000002,20558.678
2026-03-26 11:00:00,23477.103999999999,20381.712
2026-03-26 12:00:00,23501.781999999999,20333.633999999998
2026-03-26 13:00:00,23503.196,20252.924999999999
2026-03-26 14:00:00,23868.205999999998,20620.987000000001
2026-03-26 15:00:00,24595.708999999999,21479.138999999999
2026-03-26 16:00:00,25372.984,22438.941999999999
2026-03-26 17:00:00,25764.771000000001,23188.667000000001
2026-03-26 18:00:00,26172.096000000001,24084.594000000001
2026-03-26 19:00:00,25658.562000000002,23759.405999999999
2026-03-26 20:00:00,24287.02,22524.937000000002
2026-03-26 21:00:00,22838.888999999999,21236.364000000001
2026-03-26 22:00:00,21491.863000000001,20150.841
2026-03-26 23:00:00,20538.106,19254.664000000001
2026-03-27 00:00:00,19983.125,18742.300999999999
2026-03-27 01:00:00,19625.834999999999,18488.271000000001
2026-03-27 02:00:00,19479.807000000001,18391.330000000002
2026-03-27 03:00:00,19845.453000000001,18781.381000000001
2026-03-27 04:00:00,21076.092000000001,20044.879000000001
2026-03-27 05:00:00,22745.402999999998,21731.653999999999
2026-03-27 06:00:00,23593.915000000001,22550.169000000002
2026-03-27 07:00:00,23336.894,21921.856
2026-03-27 08:00:00,23823.821,21734.185000000001
2026-03-27 09:00:00,24118.936000000002,21479.825000000001
2026-03-27 10:00:00,24105.784,21138.526000000002
2026-03-27 11:00:00,23960.779999999999,20865.387999999999
2026-03-27 12:00:00,23968.992999999999,20800.845000000001
2026-03-27 13:00:00,23884.938999999998,20634.667000000001
2026-03-27 14:00:00,23902.378000000001,20655.159
2026-03-27 15:00:00,24117.962,21001.393
2026-03-27 16:00:00,24550.486000000001,21616.444
2026-03-27 17:00:00,24801.662,22225.558000000001
2026-03-27 18:00:00,25314.526999999998,23227.026000000002
2026-03-27 19:00:00,24973.674999999999,23074.518
2026-03-27 20:00:00,23774.008999999998,22011.925999999999
2026-03-27 21:00:00,22605.740000000002,21003.215
2026-03-27 22:00:00,21471.726999999999,20130.705999999998
2026-03-27 23:00:00,20459.179,19175.737000000001
2026-03-28 00:00:00,19925.428,18684.603999999999
2026-03-28 01:00:00,19486.949000000001,18349.384999999998
2026-03-28 02:00:00,19365.544000000002,18277.066999999999
2026-03-28 03:00:00,19386.982,18322.91
2026-03-28 04:00:00,19786.044999999998,18754.831999999999
2026-03-28 05:00:00,20064.435000000001,19050.686000000002
2026-03-28 06:00:00,20939.522000000001,19895.776999999998
2026-03-28 07:00:00,22184.746999999999,20769.708999999999
2026-03-28 08:00:00,22933.210999999999,20843.575000000001
2026-03-28 09:00:00,23116.062000000002,20476.951000000001
2026-03-28 10:00:00,22587.066999999999,19619.808000000001
2026-03-28 11:00:00,22204.342000000001,19108.950000000001
2026-03-28 12:00:00,21889.789000000001,18721.641
2026-03-28 13:00:00,21713.164000000001,18462.893
2026-03-28 14:00:00,21730.139999999999,18482.920999999998
2026-03-28 15:00:00,21948.817999999999,18832.249
2026-03-28 16:00:00,22451.725999999999,19517.684000000001
2026-03-28 17:00:00,23038.228999999999,20462.125
2026-03-28 18:00:00,24300.486000000001,22212.984
2026-03-28 19:00:00,24065.633000000002,22166.476999999999
2026-03-28 20:00:00,22848.772000000001,21086.688999999998
2026-03-28 21:00:00,21758.161,20155.635999999999
2026-03-28 22:00:00,20562.665000000001,19221.643
2026-03-28 23:00:00,19543.356,18259.915000000001
2026-03-29 00:00:00,19038.889999999999,17798.064999999999
2026-03-29 01:00:00,18690.267,17552.703000000001
2026-03-29 02:00:00,18517.278999999999,17428.802
2026-03-29 03:00:00,18486.968000000001,17422.895
2026-03-29 04:00:00,18760.047999999999,17728.835999999999
2026-03-29 05:00:00,18873.394,17859.645
2026-03-29 06:00:00,19705.989000000001,18662.243999999999
2026-03-29 07:00:00,21136.355,19721.316999999999
2026-03-29 08:00:00,21847.177,19757.542000000001
2026-03-29 09:00:00,22058.082999999999,19418.973000000002
2026-03-29 10:00:00,21614.968000000001,18647.709999999999
2026-03-29 11:00:00,21577.237000000001,18481.845000000001
2026-03-29 12:00:00,21528.223000000002,18360.075000000001
2026-03-29 13:00:00,21448.988000000001,18198.717000000001
2026-03-29 14:00:00,21410.424999999999,18163.205999999998
2026-03-29 15:00:00,21716.376,18599.806
2026-03-29 16:00:00,22273.741000000002,19339.699000000001
2026-03-29 17:00:00,23098.017,20521.913
2026-03-29 18:00:00,24292.98,22205.478999999999
2026-03-29 19:00:00,23972.646000000001,22073.490000000002
2026-03-29 20:00:00,22623.984,20861.901000000002
2026-03-29 21:00:00,21317.920999999998,19715.396000000001
2026-03-29 22:00:00,19952.593000000001,18611.572
2026-03-29 23:00:00,18976.565999999999,17693.125
2026-03-30 00:00:00,18434.069,17193.244999999999
2026-03-30 01:00:00,18100.436000000002,16962.871999999999
2026-03-30 02:00:00,18072.242999999999,16983.766
2026-03-30 03:00:00,18282.638999999999,17218.566999999999
2026-03-30 04:00:00,19295.125,18263.912
2026-03-30 05:00:00,20598.008999999998,19584.259999999998
2026-03-30 06:00:00,21917.842000000001,20874.097000000002
2026-03-30 07:00:00,22451.131000000001,21036.093000000001
2026-03-30 08:00:00,23103.364000000001,21013.728999999999
2026-03-30 09:00:00,23551.544999999998,20912.434000000001
2026-03-30 10:00:00,23481.654999999999,20514.396000000001
2026-03-30 11:00:00,23391.925999999999,20296.534
2026-03-30 12:00:00,23222.098000000002,20053.950000000001
2026-03-30 13:00:00,23248.657999999999,19998.386999999999
2026-03-30 14:00:00,23516.07,20268.850999999999
2026-03-30 15:00:00,24043.455999999998,20926.886999999999
2026-03-30 16:00:00,24665.098000000002,21731.056
2026-03-30 17:00:00,24908.101999999999,22331.998
2026-03-30 18:00:00,25771.562000000002,23684.061000000002
2026-03-30 19:00:00,24989.728999999999,23090.573
2026-03-30 20:00:00,23689.916000000001,21927.832999999999
2026-03-30 21:00:00,22216.150000000001,20613.625
2026-03-30 22:00:00,20983.359,19642.337
2026-03-30 23:00:00,20039.105,18755.663
2026-03-31 00:00:00,19459.754000000001,18218.929
2026-03-31 01:00:00,19218.974999999999,18081.411
2026-03-31 02:00:00,19213.476999999999,18125
2026-03-31 03:00:00,19446.923999999999,18382.851999999999
2026-03-31 04:00:00,20352.276999999998,19321.063999999998
2026-03-31 05:00:00,21415.121999999999,20401.373
2026-03-31 06:00:00,22418.282999999999,21374.538
2026-03-31 07:00:00,22812.309000000001,21397.271000000001
2026-03-31 08:00:00,23372.224999999999,21282.59
2026-03-31 09:00:00,23521.389999999999,20882.279999999999
2026-03-31 10:00:00,23322.811000000002,20355.552
2026-03-31 11:00:00,23204.610000000001,20109.217000000001
2026-03-31 12:00:00,23094.895,19926.746999999999
2026-03-31 13:00:00,23173.330000000002,19923.059000000001
2026-03-31 14:00:00,23556.983,20309.763999999999
2026-03-31 15:00:00,24295.582999999999,21179.013999999999
2026-03-31 16:00:00,24776.578000000001,21842.536
2026-03-31 17:00:00,25189.074000000001,22612.970000000001
2026-03-31 18:00:00,25744.631000000001,23657.130000000001
2026-03-31 19:00:00,24938.082999999999,23038.927
2026-03-31 20:00:00,23578.812999999998,21816.73
2026-03-31 21:00:00,22074.615000000002,20472.09
2026-03-31 22:00:00,20898.327000000001,19557.305
2026-03-31 23:00:00,19971.027999999998,18687.587
