DateTimeKey,Residual Forecast,RSA Contracted Forecast,Residual Demand,RSA Contracted Demand
2026-02-05 00:00:00,,,19638.718000000001,20965.215
2026-02-05 01:00:00,,,19432.163,20787.182000000001
2026-02-05 02:00:00,,,19552.617999999999,20632.452000000001
2026-02-05 03:00:00,,,19797.234,20821.255000000001
2026-02-05 04:00:00,,,21135.557000000001,22176.793000000001
2026-02-05 05:00:00,,,23066.347000000002,24309.928
2026-02-05 06:00:00,,,22963.799999999999,24246.521000000001
2026-02-05 07:00:00,,,21314.867999999999,22910.495999999999
2026-02-05 08:00:00,,,20666.848999999998,22834.343000000001
2026-02-05 09:00:00,,,20354.786,23067.085999999999
2026-02-05 10:00:00,,,19894.278999999999,23023.682000000001
2026-02-05 11:00:00,,,19528.862000000001,23173.473999999998
2026-02-05 12:00:00,,,19532.049999999999,23303.097000000002
2026-02-05 13:00:00,,,19834.842000000001,23600.329000000002
2026-02-05 14:00:00,,,20071.201000000001,24005.098000000002
2026-02-05 15:00:00,,,20646.330000000002,24284.998
2026-02-05 16:00:00,,,21823.073,25104.883999999998
2026-02-05 17:00:00,,,22333.303,25457.077000000001
2026-02-05 18:00:00,,,23669.863000000001,26009.544000000002
2026-02-05 19:00:00,,,25053.611000000001,26890.552
2026-02-05 20:00:00,,,24642.473000000002,25999.837
2026-02-05 21:00:00,,,23228.010999999999,24640.688999999998
2026-02-05 22:00:00,,,21532.66,22831.895
2026-02-05 23:00:00,,,20564.222000000002,21688.712
2026-02-06 00:00:00,,,19842.633999999998,20922.454000000002
2026-02-06 01:00:00,,,19630.222000000002,20598.692999999999
2026-02-06 02:00:00,,,19675.937000000002,20523.716
2026-02-06 03:00:00,,,19822.756000000001,20664.868999999999
2026-02-06 04:00:00,,,21238.048999999999,22004.394
2026-02-06 05:00:00,,,23653.064999999999,24309.007000000001
2026-02-06 06:00:00,,,23766.983,24546.294000000002
2026-02-06 07:00:00,,,22014.219000000001,23274.402999999998
2026-02-06 08:00:00,,,21849.691999999999,23479.091
2026-02-06 09:00:00,,,21875.042000000001,23853.470000000001
2026-02-06 10:00:00,,,21438.165000000001,23701.876
2026-02-06 11:00:00,,,21326.32,23705.002
2026-02-06 12:00:00,,,21017.723000000002,23611.156999999999
2026-02-06 13:00:00,,,20903.326000000001,23477.738000000001
2026-02-06 14:00:00,,,20932.025000000001,23618.162
2026-02-06 15:00:00,,,21080.171999999999,23744.106
2026-02-06 16:00:00,,,21307.865000000002,24014.528999999999
2026-02-06 17:00:00,,,21918.822,24573.356
2026-02-06 18:00:00,,,22976.137999999999,25127.384999999998
2026-02-06 19:00:00,,,24079.937000000002,25928.606
2026-02-06 20:00:00,,,23942.756000000001,25409.644
2026-02-06 21:00:00,,,23365.157999999999,24385.264999999999
2026-02-06 22:00:00,,,22318.631000000001,23082.058000000001
2026-02-06 23:00:00,,,21394.468000000001,22061.861000000001
2026-02-07 00:00:00,,,20711.440999999999,21328.929
2026-02-07 01:00:00,,,20475.736000000001,20973.460999999999
2026-02-07 02:00:00,,,20230.841,20653.145
2026-02-07 03:00:00,,,19829.328000000001,20431.368999999999
2026-02-07 04:00:00,,,20090.126,20728.429
2026-02-07 05:00:00,,,20439.794999999998,21073.052
2026-02-07 06:00:00,,,20937.605,21698.955000000002
2026-02-07 07:00:00,,,20607.654999999999,22153.218000000001
2026-02-07 08:00:00,,,20522.062000000002,22535.393
2026-02-07 09:00:00,,,20172.108,22655.075000000001
2026-02-07 10:00:00,,,19543.460999999999,22432.280999999999
2026-02-07 11:00:00,,,19266.636999999999,22612.734
2026-02-07 12:00:00,,,18732.184000000001,22359.544999999998
2026-02-07 13:00:00,,,18272.258000000002,22025.241000000002
2026-02-07 14:00:00,,,18128.287,21921.236000000001
2026-02-07 15:00:00,,,18386.089,22049.808000000001
2026-02-07 16:00:00,,,19329.947,22505.909
2026-02-07 17:00:00,,,20230.659,23142.742999999999
2026-02-07 18:00:00,,,21705.573,24308.635999999999
2026-02-07 19:00:00,,,23128.397000000001,25224.457999999999
2026-02-07 20:00:00,,,22498.306,24366.151999999998
2026-02-07 21:00:00,,,21552.535,23063.699000000001
2026-02-07 22:00:00,,,20664.136999999999,21695.621999999999
2026-02-07 23:00:00,,,19668.151999999998,20735.398000000001
2026-02-08 00:00:00,,,18983.101999999999,19977.151999999998
2026-02-08 01:00:00,,,18565.285,19564.689999999999
2026-02-08 02:00:00,,,18351.135999999999,19379.623
2026-02-08 03:00:00,,,18472.433000000001,19313.751
2026-02-08 04:00:00,,,18703.601999999999,19654.883000000002
2026-02-08 05:00:00,,,18833.603999999999,19966.523000000001
2026-02-08 06:00:00,,,19536.222000000002,20813.460999999999
2026-02-08 07:00:00,,,19806.356,21644.886999999999
2026-02-08 08:00:00,,,19635.157999999999,22123.406999999999
2026-02-08 09:00:00,,,19488.246999999999,22423.946
2026-02-08 10:00:00,,,18559.031999999999,21977.601999999999
2026-02-08 11:00:00,,,18293.177,21838.360000000001
2026-02-08 12:00:00,,,18466.800999999999,22023.208999999999
2026-02-08 13:00:00,,,18337.526999999998,21917.150000000001
2026-02-08 14:00:00,,,18213.243999999999,21730.48
2026-02-08 15:00:00,,,18422.023000000001,21878.846000000001
2026-02-08 16:00:00,,,19481.812999999998,22721.183000000001
2026-02-08 17:00:00,,,20717.044999999998,23586.514999999999
2026-02-08 18:00:00,,,22028.105,24428.791000000001
2026-02-08 19:00:00,,,22938.616999999998,25402.488000000001
2026-02-08 20:00:00,,,22015.414000000001,24593.939999999999
2026-02-08 21:00:00,,,20482.618999999999,22905.145
2026-02-08 22:00:00,,,19106.101999999999,21296.466
2026-02-08 23:00:00,,,18250.531999999999,20290.120999999999
2026-02-09 00:00:00,,,17786.481,19705.499
2026-02-09 01:00:00,,,17683.201000000001,19550.760999999999
2026-02-09 02:00:00,,,17830.634999999998,19396.151999999998
2026-02-09 03:00:00,,,18139.471000000001,19780.280999999999
2026-02-09 04:00:00,,,19343.715,21160.093000000001
2026-02-09 05:00:00,,,21411.022000000001,23309.304
2026-02-09 06:00:00,,,22241.241000000002,23908.774000000001
2026-02-09 07:00:00,,,20811.064999999999,22837.253000000001
2026-02-09 08:00:00,,,20612.830000000002,23250.686000000002
2026-02-09 09:00:00,,,20712.474999999999,23647.559000000001
2026-02-09 10:00:00,,,19974.837,23338.687000000002
2026-02-09 11:00:00,,,20067.632000000001,23383.415000000001
2026-02-09 12:00:00,,,19970.145,23415.901999999998
2026-02-09 13:00:00,,,19926.107,23467.575000000001
2026-02-09 14:00:00,,,20852.639999999999,23750.605
2026-02-09 15:00:00,,,21333.777999999998,24381.569
2026-02-09 16:00:00,,,21600.565999999999,24719.352999999999
2026-02-09 17:00:00,,,22509.241000000002,25441.880000000001
2026-02-09 18:00:00,,,23679.152999999998,26191.031999999999
2026-02-09 19:00:00,,,24588.773000000001,26879.881000000001
2026-02-09 20:00:00,,,23383.213,25438.896000000001
2026-02-09 21:00:00,,,22089.030999999999,24031.255000000001
2026-02-09 22:00:00,,,20707.861000000001,22545.876
2026-02-09 23:00:00,,,19799.087,21537.021000000001
2026-02-10 00:00:00,,,19316.659,20822.981
2026-02-10 01:00:00,,,19378.731,20702.627
2026-02-10 02:00:00,,,18926.844000000001,20475.175999999999
2026-02-10 03:00:00,,,19137.563999999998,20776.255000000001
2026-02-10 04:00:00,,,20474.423999999999,22180.25
2026-02-10 05:00:00,,,22641.627,24371.217000000001
2026-02-10 06:00:00,,,23309.108,24703.381000000001
2026-02-10 07:00:00,,,22168.508000000002,23641.422999999999
2026-02-10 08:00:00,,,21305.805,23580.986000000001
2026-02-10 09:00:00,,,21013.532999999999,23603.962
2026-02-10 10:00:00,,,20807.916000000001,23723.491000000002
2026-02-10 11:00:00,,,20574.73,23607.108
2026-02-10 12:00:00,,,20352.170999999998,23512.937000000002
2026-02-10 13:00:00,,,20100.774000000001,23315.778999999999
2026-02-10 14:00:00,,,20807.803,23992.448
2026-02-10 15:00:00,,,21667.741999999998,24681.303
2026-02-10 16:00:00,,,22504.114000000001,25415.021000000001
2026-02-10 17:00:00,,,22834.790000000001,25601.002
2026-02-10 18:00:00,,,24035.123,26261.342000000001
2026-02-10 19:00:00,,,25120.717000000001,27099.039000000001
2026-02-10 20:00:00,,,24124.481,26096.901000000002
2026-02-10 21:00:00,,,22770.238000000001,24591.819
2026-02-10 22:00:00,,,21320.793000000001,22824.396000000001
2026-02-10 23:00:00,,,20305.617999999999,21713.669999999998
2026-02-15 03:00:00,17326.321,19529.215,,
2026-02-15 02:00:00,17337.455999999998,19555.153999999999,,
2026-02-16 01:00:00,17893.953000000001,19708.598000000002,,
2026-02-16 02:00:00,17944.983,19759.723000000002,,
2026-02-15 01:00:00,17591.223999999998,19775.944,,
2026-02-15 04:00:00,17634.188999999998,19822.615000000002,,
2026-02-18 01:00:00,19096.952000000001,19846.861000000001,,
2026-02-18 02:00:00,19071.245999999999,19853.52,,
2026-02-16 00:00:00,18029.655999999999,19977.789000000001,,
2026-02-16 03:00:00,18186.867999999999,19990.756000000001,,
2026-02-15 05:00:00,17803.025000000001,20074.419000000002,,
2026-02-18 03:00:00,19273.633000000002,20092.037,,
2026-02-17 01:00:00,19182.106,20128.460999999999,,
2026-02-15 00:00:00,17915.616000000002,20186.358,,
2026-02-17 02:00:00,19273.273000000001,20241.395,,
2026-02-18 00:00:00,19383.624,20252.560000000001,,
2026-02-17 00:00:00,19287.135999999999,20349.716,,
2026-02-17 03:00:00,19456.221000000001,20421.496999999999,,
2026-02-11 02:00:00,19678.330999999998,20457.752,,
2026-02-12 02:00:00,18874.386999999999,20521.057000000001,,
2026-02-11 01:00:00,19724.495999999999,20546.361000000001,,
2026-02-14 03:00:00,18614.696,20591.580000000002,,
2026-02-12 01:00:00,18981.251,20674.736000000001,,
2026-02-14 02:00:00,18723.984,20676.330000000002,,
2026-02-11 03:00:00,19883.837,20702.631000000001,,
2026-02-15 23:00:00,18713.25,20706.423999999999,,
2026-02-18 23:00:00,19822.935000000001,20709.282999999999,,
2026-02-12 03:00:00,19185.48,20794.867999999999,,
2026-02-13 02:00:00,19626.962,20813.502,,
2026-02-11 00:00:00,19909.909,20867.490000000002,,
2026-02-13 01:00:00,19598.118999999999,20873.703000000001,,
2026-02-17 23:00:00,20048.739000000001,20908.679,,
2026-02-12 00:00:00,19087.266,20911.594000000001,,
2026-02-14 04:00:00,18920.743999999999,20930.714,,
2026-02-14 01:00:00,19025.939999999999,20970.659,,
2026-02-16 23:00:00,19877.796999999999,20978.800999999999,,
2026-02-15 06:00:00,18671.701000000001,21003.374,,
2026-02-13 03:00:00,19924.328000000001,21008.661,,
2026-02-14 23:00:00,18792.645,21036.603999999999,,
2026-02-14 05:00:00,19132.582999999999,21258.633999999998,,
2026-02-14 00:00:00,19225.874,21270.304,,
2026-02-16 04:00:00,19496.741999999998,21274.797999999999,,
2026-02-13 00:00:00,19834.260999999999,21299.062000000002,,
2026-02-18 04:00:00,20584.300999999999,21423.66,,
2026-02-11 23:00:00,19805.721000000001,21627.682000000001,,
2026-02-15 22:00:00,19548.708999999999,21778.832999999999,,
2026-02-17 04:00:00,20914.314999999999,21870.555,,
2026-02-14 06:00:00,19630.646000000001,21911.624,,
2026-02-13 23:00:00,19898.334999999999,21948.157999999999,,
2026-02-17 22:00:00,20876.934000000001,21982.34,,
2026-02-11 04:00:00,21157.845000000001,21987.455999999998,,
2026-02-12 23:00:00,20434.663,21999.407999999999,,
2026-02-18 22:00:00,20973.847000000002,22037.458999999999,,
2026-02-14 22:00:00,19614.887999999999,22047.399000000001,,
2026-02-16 22:00:00,20761.044000000002,22070.960999999999,,
2026-02-12 04:00:00,20573.456999999999,22167.182000000001,,
2026-02-15 07:00:00,19260.561000000002,22253.562000000002,,
2026-02-13 04:00:00,21342.91,22333.684000000001,,
2026-02-18 07:00:00,20925.475999999999,22474.269,,
2026-02-18 08:00:00,20251.633999999998,22605.493999999999,,
2026-02-18 10:00:00,19725.566999999999,22759.255000000001,,
2026-02-18 09:00:00,19984.702000000001,22768.525000000001,,
2026-02-14 07:00:00,19720.843000000001,22783.356,,
2026-02-15 14:00:00,18651.465,22856.473999999998,,
2026-02-11 22:00:00,20861.894,22863.439999999999,,
2026-02-17 07:00:00,21220.277999999998,22870.338,,
2026-02-18 11:00:00,19735.405999999999,22890.204000000002,,
2026-02-18 12:00:00,19728.779999999999,22937.350999999999,,
2026-02-18 13:00:00,19739.324000000001,22947.928,,
2026-02-15 11:00:00,18604.205000000002,22956.565999999999,,
2026-02-13 22:00:00,20788.037,22972.690999999999,,
2026-02-16 07:00:00,20594.929,22973.298999999999,,
2026-02-15 15:00:00,18826.391,22977.082999999999,,
2026-02-15 13:00:00,18680.830000000002,22985.195,,
2026-02-17 08:00:00,20523.939999999999,22987.014999999999,,
2026-02-17 12:00:00,19739.083999999999,23003.263999999999,,
2026-02-15 08:00:00,19298.572,23078.201000000001,,
2026-02-17 13:00:00,19856.162,23091.57,,
2026-02-14 14:00:00,18703.449000000001,23096.816999999999,,
2026-02-12 22:00:00,21243.143,23099.559000000001,,
2026-02-15 12:00:00,18744.055,23099.674999999999,,
2026-02-17 10:00:00,19980.080000000002,23111.558000000001,,
2026-02-17 11:00:00,19883.950000000001,23120.126,,
2026-02-15 10:00:00,18850.249,23122.452000000001,,
2026-02-11 08:00:00,20695.562999999998,23131.665000000001,,
2026-02-14 15:00:00,18775.920999999998,23138.103999999999,,
2026-02-11 07:00:00,21537.643,23146.134999999998,,
2026-02-18 14:00:00,20024.965,23160.422999999999,,
2026-02-15 21:00:00,20874.046999999999,23224.722000000002,,
2026-02-14 13:00:00,18842.162,23227.455999999998,,
2026-02-16 08:00:00,20084.866999999998,23260.079000000002,,
2026-02-18 21:00:00,22091.383999999998,23261.982,,
2026-02-16 13:00:00,19894.496999999999,23264.546999999999,,
2026-02-16 10:00:00,19644.203000000001,23269.892,,
2026-02-11 10:00:00,20012.278999999999,23310.252,,
2026-02-14 21:00:00,20782.225999999999,23332.257000000001,,
2026-02-16 12:00:00,19866.690999999999,23372.692999999999,,
2026-02-14 08:00:00,19510.766,23383.361000000001,,
2026-02-17 09:00:00,20497.736000000001,23394.099999999999,,
2026-02-11 09:00:00,20482.964,23404.562999999998,,
2026-02-15 09:00:00,19339.233,23428.394,,
2026-02-16 09:00:00,19934.874,23434.357,,
2026-02-16 11:00:00,19841.065999999999,23451.603999999999,,
2026-02-14 12:00:00,19040.455999999998,23473.913,,
2026-02-14 16:00:00,19344.841,23506.016,,
2026-02-11 11:00:00,20048.848000000002,23557.453000000001,,
2026-02-14 10:00:00,19242.593000000001,23567.700000000001,,
2026-02-14 11:00:00,19164.556,23581.863000000001,,
2026-02-12 08:00:00,20794.690999999999,23632.625,,
2026-02-18 05:00:00,22701.947,23636.197,,
2026-02-17 21:00:00,22365.517,23639.236000000001,,
2026-02-12 07:00:00,21517.420999999998,23650.57,,
2026-02-11 12:00:00,20007.657999999999,23653.998,,
2026-02-11 13:00:00,19961.445,23709.757000000001,,
2026-02-18 15:00:00,20785.503000000001,23712.326000000001,,
2026-02-14 09:00:00,19570.334999999999,23734.974999999999,,
2026-02-18 06:00:00,22786.156999999999,23743.781999999999,,
2026-02-15 16:00:00,19850.154999999999,23769.668000000001,,
2026-02-18 16:00:00,21171.275000000001,23773.830000000002,,
2026-02-16 21:00:00,22314.827000000001,23773.924999999999,,
2026-02-16 14:00:00,20526.317999999999,23792.045999999998,,
2026-02-17 14:00:00,20672.93,23817.638999999999,,
2026-02-16 05:00:00,22022.228999999999,23827.484,,
2026-02-12 11:00:00,20706.407999999999,23876.174999999999,,
2026-02-12 12:00:00,20678.705000000002,23878.252,,
2026-02-12 10:00:00,20765.992999999999,23899.569,,
2026-02-13 07:00:00,22488.056,23943.77,,
2026-02-12 09:00:00,20923.081999999999,23945.431,,
2026-02-12 13:00:00,20791.451000000001,24040.021000000001,,
2026-02-11 05:00:00,23240.290000000001,24122.748,,
2026-02-13 10:00:00,21138.255000000001,24138.805,,
2026-02-13 12:00:00,20551.887999999999,24169.432000000001,,
2026-02-11 06:00:00,23237.187999999998,24192.618999999999,,
2026-02-13 08:00:00,21997.117999999999,24193.59,,
2026-02-17 15:00:00,21218.743999999999,24195.232,,
2026-02-16 15:00:00,21070.393,24231.649000000001,,
2026-02-13 11:00:00,20921.782999999999,24234.092000000001,,
2026-02-17 05:00:00,23221.023000000001,24252.798999999999,,
2026-02-11 21:00:00,22203.084999999999,24269.120999999999,,
2026-02-17 06:00:00,23234.541000000001,24287.794000000002,,
2026-02-13 09:00:00,21716.626,24329.602999999999,,
2026-02-14 17:00:00,20257.455000000002,24335.603999999999,,
2026-02-13 21:00:00,22155.779999999999,24366.352999999999,,
2026-02-16 06:00:00,22593.387999999999,24389.988000000001,,
2026-02-13 13:00:00,20542.526000000002,24405.184000000001,,
2026-02-12 14:00:00,21121.989000000001,24415.137999999999,,
2026-02-18 17:00:00,21978.106,24440.065999999999,,
2026-02-11 14:00:00,20644.566999999999,24489.645,,
2026-02-13 05:00:00,23543.039000000001,24520.536,,
2026-02-12 05:00:00,22904.331999999999,24525.667000000001,,
2026-02-16 16:00:00,21693.298999999999,24553.184000000001,,
2026-02-15 17:00:00,20791.062000000002,24560.025000000001,,
2026-02-14 20:00:00,21994.776999999998,24633.371999999999,,
2026-02-12 15:00:00,21322.646000000001,24686.011999999999,,
2026-02-18 20:00:00,23440.450000000001,24708.455999999998,,
2026-02-12 21:00:00,22738.312000000002,24713.870999999999,,
2026-02-13 14:00:00,20710.901999999998,24718.513999999999,,
2026-02-15 20:00:00,22405.974999999999,24816.358,,
2026-02-12 06:00:00,23225.249,24823.486000000001,,
2026-02-17 16:00:00,22113.771000000001,24831.192999999999,,
2026-02-13 06:00:00,23922.060000000001,24863.999,,
2026-02-11 15:00:00,21047.642,24865.777999999998,,
2026-02-18 18:00:00,23076.204000000002,24992.767,,
2026-02-13 15:00:00,21105.740000000002,25058.308000000001,,
2026-02-14 18:00:00,21711.026999999998,25188.203000000001,,
2026-02-15 18:00:00,22043.635999999999,25262.805,,
2026-02-16 17:00:00,22587.492999999999,25275.575000000001,,
2026-02-11 16:00:00,21717.681,25319.056,,
2026-02-16 20:00:00,23780.185000000001,25367.063999999998,,
2026-02-17 20:00:00,23936.782999999999,25367.355,,
2026-02-17 17:00:00,22794.945,25431.978999999999,,
2026-02-12 16:00:00,22137.650000000001,25444.653999999999,,
2026-02-13 16:00:00,21801.510999999999,25487.609,,
2026-02-14 19:00:00,22767.348999999998,25577.346000000001,,
2026-02-13 20:00:00,23376.522000000001,25647.933000000001,,
2026-02-18 19:00:00,24307.875,25676.574000000001,,
2026-02-15 19:00:00,23249.808000000001,25840.761999999999,,
2026-02-13 17:00:00,22341.331999999999,25841.937999999998,,
2026-02-11 20:00:00,23678.777999999998,25853.373,,
2026-02-17 18:00:00,23806.475999999999,25881.058000000001,,
2026-02-12 17:00:00,22560.817999999999,25890.428,,
2026-02-16 18:00:00,23722.689999999999,25907.938999999998,,
2026-02-11 17:00:00,22422.362000000001,25923.473999999998,,
2026-02-12 20:00:00,24109.342000000001,26172.141,,
2026-02-13 18:00:00,23255.223999999998,26237.001,,
2026-02-11 18:00:00,23454.945,26338.937999999998,,
2026-02-17 19:00:00,24903.348000000002,26425.937000000002,,
2026-02-12 18:00:00,23723.862000000001,26466.397000000001,,
2026-02-16 19:00:00,24824.855,26514.852999999999,,
2026-02-13 19:00:00,24096.409,26519.616000000002,,
2026-02-11 19:00:00,24819.892,27092.584999999999,,
2026-02-12 19:00:00,24942.433000000001,27148.394,,
