Date_Time_Hour_Beginning,RSA Contracted Forecast,Residual Forecast
2026-01-30 00:00:00,20771.075000000001,19540.268
2026-01-30 01:00:00,20532.352999999999,19416.627
2026-01-30 02:00:00,20366.721000000001,19341.860000000001
2026-01-30 03:00:00,20452.91,19564.543000000001
2026-01-30 04:00:00,21561.116999999998,20737.458999999999
2026-01-30 05:00:00,23939.162,23095.376
2026-01-30 06:00:00,24128.215,23046.663
2026-01-30 07:00:00,22785.753000000001,20900.007000000001
2026-01-30 08:00:00,23242.205999999998,20538.064999999999
2026-01-30 09:00:00,23779.369999999999,20629.342000000001
2026-01-30 10:00:00,23721.955000000002,20404.597000000002
2026-01-30 11:00:00,23555.784,20049.401999999998
2026-01-30 12:00:00,23338.144,19801.058000000001
2026-01-30 13:00:00,23119.68,19524.379000000001
2026-01-30 14:00:00,23187.071,19596.909
2026-01-30 15:00:00,23435.955000000002,19817.063999999998
2026-01-30 16:00:00,23919.891,20239.792000000001
2026-01-30 17:00:00,24523.850999999999,21018.688999999998
2026-01-30 18:00:00,24746.365000000002,21674.782999999999
2026-01-30 19:00:00,25506.467000000001,23014.373
2026-01-30 20:00:00,24448.201000000001,22260.864000000001
2026-01-30 21:00:00,23102.804,21184.844000000001
2026-01-30 22:00:00,21950.830000000002,20214.486000000001
2026-01-30 23:00:00,20866.546999999999,19468.817999999999
2026-01-31 00:00:00,20132.846000000001,18842.213
2026-01-31 01:00:00,19740.206999999999,18566.743999999999
2026-01-31 02:00:00,19556.893,18513.668000000001
2026-01-31 03:00:00,19599.755000000001,18692.094000000001
2026-01-31 04:00:00,19940.891,19058.842000000001
2026-01-31 05:00:00,20470.208999999999,19549.386999999999
2026-01-31 06:00:00,20880.689999999999,19715.794000000002
2026-01-31 07:00:00,21518.213,19539.321
2026-01-31 08:00:00,22375.960999999999,19677.098000000002
2026-01-31 09:00:00,22491.843000000001,19417.279999999999
2026-01-31 10:00:00,22261.852999999999,19099.455000000002
2026-01-31 11:00:00,21967.028999999999,18654.745999999999
2026-01-31 12:00:00,21681.327000000001,18310.092000000001
2026-01-31 13:00:00,21529.223000000002,18065.641
2026-01-31 14:00:00,21495.501,18035.839
2026-01-31 15:00:00,21633.950000000001,18159.119999999999
2026-01-31 16:00:00,22075.154999999999,18504.116999999998
2026-01-31 17:00:00,22866.014999999999,19363.377
2026-01-31 18:00:00,24134.561000000002,20990.916000000001
2026-01-31 19:00:00,25208.991000000002,22604.037
2026-01-31 20:00:00,24356.475999999999,21929.505000000001
2026-01-31 21:00:00,22908.634999999998,20719.223000000002
2026-01-31 22:00:00,21437.542000000001,19465.264999999999
2026-01-31 23:00:00,20195.937999999998,18549.446
2026-02-01 00:00:00,19639.675999999999,18174.851999999999
2026-02-01 01:00:00,19380.167000000001,18016.308000000001
2026-02-01 02:00:00,19222.633999999998,17994.599999999999
2026-02-01 03:00:00,18954.434000000001,17941.447
2026-02-01 04:00:00,19198.309000000001,18282.913
2026-02-01 05:00:00,19549.466,18668.040000000001
2026-02-01 06:00:00,20260.245999999999,19147.335999999999
2026-02-01 07:00:00,21440.449000000001,19525.822
2026-02-01 08:00:00,22045.348000000002,19406.809000000001
2026-02-01 09:00:00,22037.884999999998,18935.233
2026-02-01 10:00:00,21259.164000000001,18047.021000000001
2026-02-01 11:00:00,20914.205999999998,17409.518
2026-02-01 12:00:00,20717.623,17053.922999999999
2026-02-01 13:00:00,20526.694,16691.791000000001
2026-02-01 14:00:00,20466.245999999999,16576.686000000002
2026-02-01 15:00:00,20823.811000000002,16953.883000000002
2026-02-01 16:00:00,21389.853999999999,17552.598999999998
2026-02-01 17:00:00,22572.034,19014.402999999998
2026-02-01 18:00:00,23773.977999999999,20869.560000000001
2026-02-01 19:00:00,25038.227999999999,22747.085999999999
2026-02-01 20:00:00,24279.326000000001,22207.078000000001
2026-02-01 21:00:00,22746.803,20951.721000000001
2026-02-01 22:00:00,21157.175999999999,19605.891
2026-02-01 23:00:00,19842.695,18585.899000000001
2026-02-02 00:00:00,19474.435000000001,18387.594000000001
2026-02-02 01:00:00,19329.976999999999,18370.207999999999
2026-02-02 02:00:00,19164.252,18355.576000000001
2026-02-02 03:00:00,19183.060000000001,18496.954000000002
2026-02-02 04:00:00,20708.091,20031.003000000001
2026-02-02 05:00:00,23220.164000000001,22477.554
2026-02-02 06:00:00,23745.416000000001,22751.276999999998
2026-02-02 07:00:00,22350.057000000001,20497.27
2026-02-02 08:00:00,22738.363000000001,20117.312999999998
2026-02-02 09:00:00,23008.034,19971.607
2026-02-02 10:00:00,22893.493999999999,19704.047999999999
2026-02-02 11:00:00,22930.373,19538.799999999999
2026-02-02 12:00:00,22925.081999999999,19467.671999999999
2026-02-02 13:00:00,23042.071,19505.406999999999
2026-02-02 14:00:00,23265.810000000001,19621.821
2026-02-02 15:00:00,23982.393,20337.625
2026-02-02 16:00:00,24571.499,20914.538
2026-02-02 17:00:00,25281.073,21846.325000000001
2026-02-02 18:00:00,25681.526999999998,22805.814999999999
2026-02-02 19:00:00,26408.607,24080.406999999999
2026-02-02 20:00:00,25354.936000000002,23198.136999999999
2026-02-02 21:00:00,23834.332999999999,21900.357
2026-02-02 22:00:00,22220.988000000001,20510.350999999999
2026-02-02 23:00:00,21010.202000000001,19551.521000000001
2026-02-03 00:00:00,20366.591,19069.214
2026-02-03 01:00:00,19970.089,18813.237000000001
2026-02-03 02:00:00,19835.032999999999,18826.493999999999
2026-02-03 03:00:00,19890.992999999999,19027.319
2026-02-03 04:00:00,21249.746999999999,20429.360000000001
2026-02-03 05:00:00,23775.023000000001,22927.016
2026-02-03 06:00:00,23905.549999999999,22826.777999999998
2026-02-03 07:00:00,22362.028999999999,20496.312000000002
2026-02-03 08:00:00,22769.758999999998,20112.696
2026-02-03 09:00:00,22874.326000000001,19795.572
2026-02-03 10:00:00,22712.911,19533.955999999998
2026-02-03 11:00:00,22662.538,19379.338
2026-02-03 12:00:00,22743.527999999998,19473.221000000001
2026-02-03 13:00:00,23123.013999999999,19825.82
2026-02-03 14:00:00,23282.847000000002,20044.09
2026-02-03 15:00:00,24040.093000000001,20844.528999999999
2026-02-03 16:00:00,24529.116000000002,21365.114000000001
2026-02-03 17:00:00,25170.986000000001,22129.355
2026-02-03 18:00:00,25698.942999999999,23111.869999999999
2026-02-03 19:00:00,26420.696,24300.027999999998
2026-02-03 20:00:00,25469.072,23508.985000000001
2026-02-03 21:00:00,23995.288,22292.048999999999
2026-02-03 22:00:00,22411.27,20897.661
2026-02-03 23:00:00,21426.562999999998,20134.856
2026-02-04 00:00:00,20825.173999999999,19697.224999999999
2026-02-04 01:00:00,20425.812999999998,19412.363000000001
2026-02-04 02:00:00,20229.418000000001,19380.205999999998
2026-02-04 03:00:00,20196.585999999999,19460.387999999999
2026-02-04 04:00:00,21515.236000000001,20800.155999999999
2026-02-04 05:00:00,23595.008999999998,22823.826000000001
2026-02-04 06:00:00,23900.800999999999,22915.018
2026-02-04 07:00:00,22213.079000000002,20601.447
2026-02-04 08:00:00,22477.001,20199.333999999999
2026-02-04 09:00:00,22664.639999999999,19939.761999999999
2026-02-04 10:00:00,22486.915000000001,19518.987000000001
2026-02-04 11:00:00,22677.407999999999,19320.606
2026-02-04 12:00:00,22697.314999999999,19216.796999999999
2026-02-04 13:00:00,22833.91,19319.224999999999
2026-02-04 14:00:00,22736.804,19424.638999999999
2026-02-04 15:00:00,23295.184000000001,20151.355
2026-02-04 16:00:00,24001.958999999999,20859.218000000001
2026-02-04 17:00:00,24788.067999999999,21758.434000000001
2026-02-04 18:00:00,25420.27,22787.719000000001
2026-02-04 19:00:00,26277.636999999999,24063.866999999998
2026-02-04 20:00:00,25014.543000000001,22985.275000000001
2026-02-04 21:00:00,23718.901000000002,21871.273000000001
2026-02-04 22:00:00,22244.712,20568.863000000001
2026-02-04 23:00:00,21081.757000000001,19626.904999999999
2026-02-05 00:00:00,20841.296999999999,19525.544999999998
2026-02-05 01:00:00,20311.117999999999,19112.002
2026-02-05 02:00:00,20153.433000000001,19124.092000000001
2026-02-05 03:00:00,20195.361000000001,19267.075000000001
2026-02-05 04:00:00,21517.414000000001,20597.156999999999
2026-02-05 05:00:00,23952.691999999999,22967.531999999999
2026-02-05 06:00:00,24222.866999999998,23019.960999999999
2026-02-05 07:00:00,22718.041000000001,20885.398000000001
2026-02-05 08:00:00,22669.564999999999,20165.044000000002
2026-02-05 09:00:00,22721.562999999998,19876.339
2026-02-05 10:00:00,22629.406999999999,19587.741999999998
2026-02-05 11:00:00,22711.077000000001,19338.296999999999
2026-02-05 12:00:00,22837.84,19396.713
2026-02-05 13:00:00,22840.475999999999,19423.893
2026-02-05 14:00:00,22797.638999999999,19631.638999999999
2026-02-05 15:00:00,23267.951000000001,20278.273000000001
2026-02-05 16:00:00,24006.615000000002,21016.422999999999
2026-02-05 17:00:00,24732.959999999999,21821.931
2026-02-05 18:00:00,25141.262999999999,22562.705999999998
2026-02-05 19:00:00,26327.508000000002,24094.718000000001
2026-02-05 20:00:00,25717.396000000001,23624.558000000001
2026-02-05 21:00:00,24185.184000000001,22288.885999999999
2026-02-05 22:00:00,22634.559000000001,20941.363000000001
2026-02-05 23:00:00,21380.667000000001,19941.931
2026-02-06 00:00:00,20488.133000000002,18999.933000000001
2026-02-06 01:00:00,20189.296999999999,18798.473000000002
2026-02-06 02:00:00,20067.232,18755.374
2026-02-06 03:00:00,20296.022000000001,19019.865000000002
2026-02-06 04:00:00,21482.274000000001,20236.062999999998
2026-02-06 05:00:00,23873.585999999999,22632.129000000001
2026-02-06 06:00:00,24214.464,22908.124
2026-02-06 07:00:00,22791.508999999998,20923.607
2026-02-06 08:00:00,22967.011999999999,20382.825000000001
2026-02-06 09:00:00,23367.244999999999,20296.535
2026-02-06 10:00:00,23260.524000000001,19988.939999999999
2026-02-06 11:00:00,23140.228999999999,19749.220000000001
2026-02-06 12:00:00,23003.563999999998,19526.305
2026-02-06 13:00:00,22878.763999999999,19363.120999999999
2026-02-06 14:00:00,22949.553,19368.993999999999
2026-02-06 15:00:00,23204.096000000001,19657.433000000001
2026-02-06 16:00:00,23680.616999999998,20182.744999999999
2026-02-06 17:00:00,24149.954000000002,20778.235000000001
2026-02-06 18:00:00,24328.704000000002,21487.619999999999
2026-02-06 19:00:00,25026.868999999999,22586.948
2026-02-06 20:00:00,24182.947,21968.741000000002
2026-02-06 21:00:00,23127.720000000001,21119.571
2026-02-06 22:00:00,21790.945,20106.737000000001
2026-02-06 23:00:00,20727.654999999999,19171.789000000001
2026-02-07 00:00:00,20351.671999999999,18863.472000000002
2026-02-07 01:00:00,19935.540000000001,18544.716
2026-02-07 02:00:00,19758.874,18447.016
2026-02-07 03:00:00,19804.084999999999,18527.928
2026-02-07 04:00:00,20077.431,18831.220000000001
2026-02-07 05:00:00,20563.602999999999,19322.146000000001
2026-02-07 06:00:00,21031.809000000001,19725.469000000001
2026-02-07 07:00:00,21653.109,19785.206999999999
2026-02-07 08:00:00,22371.281999999999,19787.094000000001
2026-02-07 09:00:00,22520.357,19449.647000000001
2026-02-07 10:00:00,22214.906999999999,18943.324000000001
2026-02-07 11:00:00,21801.981,18410.972000000002
2026-02-07 12:00:00,21543.030999999999,18065.772000000001
2026-02-07 13:00:00,21465.525000000001,17949.883000000002
2026-02-07 14:00:00,21496.505000000001,17915.946
2026-02-07 15:00:00,21764.401999999998,18217.740000000002
2026-02-07 16:00:00,22347.688999999998,18849.816999999999
2026-02-07 17:00:00,22959.870999999999,19588.151999999998
2026-02-07 18:00:00,24003.024000000001,21161.940999999999
2026-02-07 19:00:00,24994.212,22554.291000000001
2026-02-07 20:00:00,24147.065999999999,21932.860000000001
2026-02-07 21:00:00,22805.919000000002,20797.771000000001
2026-02-07 22:00:00,21408.641,19724.432000000001
2026-02-07 23:00:00,20373.256000000001,18817.389999999999
2026-02-08 00:00:00,19621.573,18133.371999999999
2026-02-08 01:00:00,19242.623,17851.798999999999
2026-02-08 02:00:00,19069.972000000002,17758.114000000001
2026-02-08 03:00:00,18958.716,17682.559000000001
2026-02-08 04:00:00,19189.064999999999,17942.852999999999
2026-02-08 05:00:00,19482.41,18240.953000000001
2026-02-08 06:00:00,20160.139999999999,18853.799999999999
2026-02-08 07:00:00,21174.787,19306.885999999999
2026-02-08 08:00:00,21862.097000000002,19277.909
2026-02-08 09:00:00,21925.828000000001,18855.118999999999
2026-02-08 10:00:00,21338.760999999999,18067.177
2026-02-08 11:00:00,20993.186000000002,17602.177
2026-02-08 12:00:00,20900.835999999999,17423.577000000001
2026-02-08 13:00:00,20688.973000000002,17173.330999999998
2026-02-08 14:00:00,20674.325000000001,17093.766
2026-02-08 15:00:00,20941.491999999998,17394.829000000002
2026-02-08 16:00:00,21540.598000000002,18042.725999999999
2026-02-08 17:00:00,22462.014999999999,19090.295999999998
2026-02-08 18:00:00,23611.035,20769.952000000001
2026-02-08 19:00:00,24845.406999999999,22405.486000000001
2026-02-08 20:00:00,24077.929,21863.723000000002
2026-02-08 21:00:00,22526.349999999999,20518.201000000001
2026-02-08 22:00:00,20929.041000000001,19244.831999999999
2026-02-08 23:00:00,19817.677,18261.811000000002
2026-02-09 00:00:00,19699.862000000001,18211.662
2026-02-09 01:00:00,19383.782999999999,17992.958999999999
2026-02-09 02:00:00,19196.91,17885.052
2026-02-09 03:00:00,19409.530999999999,18133.374
2026-02-09 04:00:00,20785.09,19538.879000000001
2026-02-09 05:00:00,23238.969000000001,21997.511999999999
2026-02-09 06:00:00,23766.878000000001,22460.538
2026-02-09 07:00:00,22236.994999999999,20369.094000000001
2026-02-09 08:00:00,22727.784,20143.596000000001
2026-02-09 09:00:00,22883.253000000001,19812.544000000002
2026-02-09 10:00:00,22891.785,19620.201000000001
2026-02-09 11:00:00,22863.898000000001,19472.888999999999
2026-02-09 12:00:00,22982.095000000001,19504.835999999999
2026-02-09 13:00:00,23005.794000000002,19490.151999999998
2026-02-09 14:00:00,23303.312000000002,19722.753000000001
2026-02-09 15:00:00,23983.484,20436.821
2026-02-09 16:00:00,24535.217000000001,21037.345000000001
2026-02-09 17:00:00,25092.192999999999,21720.473000000002
2026-02-09 18:00:00,25519.588,22678.504000000001
2026-02-09 19:00:00,26369.170999999998,23929.249
2026-02-09 20:00:00,25122.563999999998,22908.358
2026-02-09 21:00:00,23630.701000000001,21622.553
2026-02-09 22:00:00,21815.471000000001,20131.261999999999
2026-02-09 23:00:00,20683.587,19127.721000000001
2026-02-10 00:00:00,20253.133999999998,18764.934000000001
2026-02-10 01:00:00,19918.77,18527.946
2026-02-10 02:00:00,19742.360000000001,18430.502
2026-02-10 03:00:00,19947.368999999999,18671.212
2026-02-10 04:00:00,21337.925999999999,20091.715
2026-02-10 05:00:00,23881.912,22640.455000000002
2026-02-10 06:00:00,24272.708999999999,22966.367999999999
2026-02-10 07:00:00,22858.002,20990.100999999999
2026-02-10 08:00:00,23115.901000000002,20531.714
2026-02-10 09:00:00,23630.516,20559.807000000001
2026-02-10 10:00:00,23210.182000000001,19938.598000000002
2026-02-10 11:00:00,23009.701000000001,19618.691999999999
2026-02-10 12:00:00,23058.861000000001,19581.601999999999
2026-02-10 13:00:00,23074.889999999999,19559.248
2026-02-10 14:00:00,23496.893,19916.333999999999
2026-02-10 15:00:00,24068.739000000001,20522.076000000001
2026-02-10 16:00:00,24728.18,21230.308000000001
2026-02-10 17:00:00,25027.771000000001,21656.050999999999
2026-02-10 18:00:00,25521.338,22680.255000000001
2026-02-10 19:00:00,26257.953000000001,23818.031999999999
2026-02-10 20:00:00,25103.469000000001,22889.262999999999
2026-02-10 21:00:00,23238.105,21229.956999999999
2026-02-10 22:00:00,21633.685000000001,19949.476999999999
2026-02-10 23:00:00,20718.547999999999,19162.682000000001
2026-02-11 00:00:00,20222.709999999999,18734.509999999998
2026-02-11 01:00:00,19869.288,18478.465
2026-02-11 02:00:00,19711.134999999998,18399.276999999998
2026-02-11 03:00:00,19932.214,18656.057000000001
2026-02-11 04:00:00,21462.357,20216.146000000001
2026-02-11 05:00:00,23929.414000000001,22687.955999999998
2026-02-11 06:00:00,23960.327000000001,22653.987000000001
2026-02-11 07:00:00,22370.164000000001,20502.261999999999
2026-02-11 08:00:00,22519.807000000001,19935.618999999999
2026-02-11 09:00:00,22791.566999999999,19720.857
2026-02-11 10:00:00,22609.73,19338.147000000001
2026-02-11 11:00:00,22503.919999999998,19112.911
2026-02-11 12:00:00,22419.216,18941.956999999999
2026-02-11 13:00:00,22471.760999999999,18956.118999999999
2026-02-11 14:00:00,22659.332999999999,19078.775000000001
2026-02-11 15:00:00,23413.109,19866.446
2026-02-11 16:00:00,24107.562999999998,20609.690999999999
2026-02-11 17:00:00,24779.983,21408.262999999999
2026-02-11 18:00:00,25346.636999999999,22505.554
2026-02-11 19:00:00,26386.241999999998,23946.321
2026-02-11 20:00:00,25270.709999999999,23056.504000000001
2026-02-11 21:00:00,23541.947,21533.798999999999
2026-02-11 22:00:00,21834.904999999999,20150.696
2026-02-11 23:00:00,20698.641,19142.775000000001
2026-02-12 00:00:00,20436.579000000002,18948.379000000001
2026-02-12 01:00:00,19925.545999999998,18534.723000000002
2026-02-12 02:00:00,19858.164000000001,18546.306
2026-02-12 03:00:00,20056.177,18780.02
2026-02-12 04:00:00,21356.113000000001,20109.901000000002
2026-02-12 05:00:00,23826.224999999999,22584.768
2026-02-12 06:00:00,24031.498,22725.157999999999
2026-02-12 07:00:00,22444.007000000001,20576.105
2026-02-12 08:00:00,22456.166000000001,19871.977999999999
2026-02-12 09:00:00,22730.093000000001,19659.383000000002
2026-02-12 10:00:00,22786.044999999998,19514.462
2026-02-12 11:00:00,22811.314999999999,19420.306
2026-02-12 12:00:00,22735.562999999998,19258.304
2026-02-12 13:00:00,22669.707999999999,19154.065999999999
2026-02-12 14:00:00,23103.669000000002,19523.111000000001
2026-02-12 15:00:00,23732.255000000001,20185.592000000001
2026-02-12 16:00:00,24311.844000000001,20813.972000000002
2026-02-12 17:00:00,24873.891,21502.171999999999
2026-02-12 18:00:00,25291.491000000002,22450.406999999999
2026-02-12 19:00:00,26047.919000000002,23607.998
2026-02-12 20:00:00,25055.983,22841.776999999998
2026-02-12 21:00:00,23353.352999999999,21345.205000000002
2026-02-12 22:00:00,21820.218000000001,20136.008999999998
2026-02-12 23:00:00,20696.653999999999,19140.788
2026-02-13 00:00:00,20223.030999999999,18734.830999999998
2026-02-13 01:00:00,19915.407999999999,18524.584999999999
2026-02-13 02:00:00,19785.539000000001,18473.681
2026-02-13 03:00:00,20010.143,18733.986000000001
2026-02-13 04:00:00,21308.760999999999,20062.549999999999
2026-02-13 05:00:00,23863.488000000001,22622.030999999999
2026-02-13 06:00:00,24172.735000000001,22866.395
2026-02-13 07:00:00,22524.061000000002,20656.16
2026-02-13 08:00:00,22626.646000000001,20042.458999999999
2026-02-13 09:00:00,23006.620999999999,19935.912
2026-02-13 10:00:00,22892.23,19620.647000000001
2026-02-13 11:00:00,22805.760999999999,19414.751
2026-02-13 12:00:00,22701.767,19224.508000000002
2026-02-13 13:00:00,22530.271000000001,19014.629000000001
2026-02-13 14:00:00,22631.213,19050.654999999999
2026-02-13 15:00:00,22918.649000000001,19371.986000000001
2026-02-13 16:00:00,23419.317999999999,19921.446
2026-02-13 17:00:00,24112.934000000001,20741.214
2026-02-13 18:00:00,24281.365000000002,21440.281999999999
2026-02-13 19:00:00,24999.101999999999,22559.18
2026-02-13 20:00:00,24132.949000000001,21918.742999999999
2026-02-13 21:00:00,23089.159,21081.009999999998
2026-02-13 22:00:00,21718.636999999999,20034.428
2026-02-13 23:00:00,20646.52,19090.653999999999
2026-02-14 00:00:00,20114.501,18626.299999999999
2026-02-14 01:00:00,19699.079000000002,18308.255000000001
2026-02-14 02:00:00,19530.380000000001,18218.522000000001
2026-02-14 03:00:00,19581.198,18305.041000000001
2026-02-14 04:00:00,19853.651999999998,18607.439999999999
2026-02-14 05:00:00,20400.572,19159.115000000002
2026-02-14 06:00:00,20934.965,19628.625
2026-02-14 07:00:00,21554.900000000001,19686.998
2026-02-14 08:00:00,22362.599999999999,19778.413
2026-02-14 09:00:00,22385.397000000001,19314.687000000002
2026-02-14 10:00:00,22119.600999999999,18848.018
2026-02-14 11:00:00,21767.365000000002,18376.356
2026-02-14 12:00:00,21511.776000000002,18034.517
2026-02-14 13:00:00,21431.149000000001,17915.507000000001
2026-02-14 14:00:00,21486.132000000001,17905.573
2026-02-14 15:00:00,21760.329000000002,18213.666000000001
2026-02-14 16:00:00,22244.084999999999,18746.213
2026-02-14 17:00:00,22864.567999999999,19492.848999999998
2026-02-14 18:00:00,23889.992999999999,21048.91
2026-02-14 19:00:00,24871.577000000001,22431.654999999999
2026-02-14 20:00:00,24246.378000000001,22032.172999999999
2026-02-14 21:00:00,22786.681,20778.532999999999
2026-02-14 22:00:00,21241.677,19557.468000000001
2026-02-14 23:00:00,20199.927,18644.061000000002
2026-02-15 00:00:00,19540.132000000001,18051.932000000001
2026-02-15 01:00:00,19158.682000000001,17767.858
2026-02-15 02:00:00,19001.504000000001,17689.646000000001
2026-02-15 03:00:00,18936.835999999999,17660.679
2026-02-15 04:00:00,19201.223999999998,17955.012999999999
2026-02-15 05:00:00,19591.495999999999,18350.039000000001
2026-02-15 06:00:00,20310.553,19004.212
2026-02-15 07:00:00,21293.32,19425.418000000001
2026-02-15 08:00:00,21929.705000000002,19345.518
2026-02-15 09:00:00,21886.027999999998,18815.317999999999
2026-02-15 10:00:00,21225.127,17953.543000000001
2026-02-15 11:00:00,20854.583999999999,17463.575000000001
2026-02-15 12:00:00,20751.419999999998,17274.161
2026-02-15 13:00:00,20543.254000000001,17027.612000000001
2026-02-15 14:00:00,20477.596000000001,16897.038
2026-02-15 15:00:00,20872.364000000001,17325.701000000001
2026-02-15 16:00:00,21445.758000000002,17947.885999999999
2026-02-15 17:00:00,22440.383000000002,19068.663
2026-02-15 18:00:00,23625.893,20784.809000000001
2026-02-15 19:00:00,24815.155999999999,22375.234
2026-02-15 20:00:00,24153.887999999999,21939.682000000001
2026-02-15 21:00:00,22697.698,20689.549999999999
2026-02-15 22:00:00,21023.026999999998,19338.817999999999
2026-02-15 23:00:00,19893.243999999999,18337.378000000001
2026-02-16 00:00:00,19644.291000000001,18156.091
2026-02-16 01:00:00,19340.668000000001,17949.844000000001
2026-02-16 02:00:00,19153.425999999999,17841.567999999999
2026-02-16 03:00:00,19339.516,18063.359
2026-02-16 04:00:00,20829.376,19583.165000000001
2026-02-16 05:00:00,23362.544000000002,22121.087
2026-02-16 06:00:00,23883.291000000001,22576.951000000001
2026-02-16 07:00:00,22233.587,20365.685000000001
2026-02-16 08:00:00,22657.019,20072.830999999998
2026-02-16 09:00:00,22715.589,19644.879000000001
2026-02-16 10:00:00,22746.52,19474.936000000002
2026-02-16 11:00:00,22657.945,19266.936000000002
2026-02-16 12:00:00,22697.028999999999,19219.771000000001
2026-02-16 13:00:00,22785.439999999999,19269.797999999999
2026-02-16 14:00:00,23045.473999999998,19464.915000000001
2026-02-16 15:00:00,24020.787,20474.125
2026-02-16 16:00:00,24582.652999999998,21084.780999999999
2026-02-16 17:00:00,25359.981,21988.260999999999
2026-02-16 18:00:00,25694.972000000002,22853.887999999999
2026-02-16 19:00:00,26365.109,23925.187999999998
2026-02-16 20:00:00,25019.659,22805.453000000001
2026-02-16 21:00:00,23720.947,21712.798999999999
2026-02-16 22:00:00,21951.438999999998,20267.23
2026-02-16 23:00:00,20751.862000000001,19195.995999999999
2026-02-17 00:00:00,20183.510999999999,18695.311000000002
2026-02-17 01:00:00,19844.105,18453.280999999999
2026-02-17 02:00:00,19703.528999999999,18391.670999999998
2026-02-17 03:00:00,19892.34,18616.183000000001
2026-02-17 04:00:00,21466.942999999999,20220.732
2026-02-17 05:00:00,24147.857,22906.399000000001
2026-02-17 06:00:00,24498.864000000001,23192.524000000001
2026-02-17 07:00:00,23250.599999999999,21382.698
2026-02-17 08:00:00,23465.285,20881.097000000002
2026-02-17 09:00:00,23937.330999999998,20866.620999999999
2026-02-17 10:00:00,23486.453000000001,20214.869999999999
2026-02-17 11:00:00,23138.487000000001,19747.477999999999
2026-02-17 12:00:00,23052.616000000002,19575.357
2026-02-17 13:00:00,23204.93,19689.288
2026-02-17 14:00:00,23587.018,20006.459999999999
2026-02-17 15:00:00,24311.98,20765.316999999999
2026-02-17 16:00:00,24899.099999999999,21401.227999999999
2026-02-17 17:00:00,25485.700000000001,22113.981
2026-02-17 18:00:00,26018.583999999999,23177.5
2026-02-17 19:00:00,26377.439999999999,23937.519
2026-02-17 20:00:00,24891.32,22677.114000000001
2026-02-17 21:00:00,22990.880000000001,20982.732
2026-02-17 22:00:00,21401.549999999999,19717.341
2026-02-17 23:00:00,20542.644,18986.777999999998
2026-02-18 00:00:00,20017.134999999998,18528.935000000001
2026-02-18 01:00:00,19669.623,18278.798999999999
2026-02-18 02:00:00,19520.225999999999,18208.367999999999
2026-02-18 03:00:00,19715.683000000001,18439.526000000002
2026-02-18 04:00:00,21263.584999999999,20017.374
2026-02-18 05:00:00,23776.228999999999,22534.772000000001
2026-02-18 06:00:00,24129.687000000002,22823.347000000002
2026-02-18 07:00:00,22782.740000000002,20914.838
2026-02-18 08:00:00,22965.483,20381.294999999998
2026-02-18 09:00:00,23244.474999999999,20173.764999999999
2026-02-18 10:00:00,23027.823,19756.240000000002
2026-02-18 11:00:00,22923.848999999998,19532.84
2026-02-18 12:00:00,22980.634999999998,19503.376
2026-02-18 13:00:00,23205.594000000001,19689.952000000001
2026-02-18 14:00:00,23404.141,19823.581999999999
2026-02-18 15:00:00,24017.305,20470.642
2026-02-18 16:00:00,24582.185000000001,21084.312999999998
2026-02-18 17:00:00,25564.199000000001,22192.478999999999
2026-02-18 18:00:00,25990.596000000001,23149.511999999999
2026-02-18 19:00:00,26610.510999999999,24170.59
2026-02-18 20:00:00,25223.025000000001,23008.82
2026-02-18 21:00:00,23534.202000000001,21526.054
2026-02-18 22:00:00,21786.411,20102.203000000001
2026-02-18 23:00:00,20631.060000000001,19075.194
2026-02-19 00:00:00,19982.323,18494.123
2026-02-19 01:00:00,19496.345000000001,18105.522000000001
2026-02-19 02:00:00,19388.127,18076.269
2026-02-19 03:00:00,19641.511999999999,18365.355
2026-02-19 04:00:00,21192.649000000001,19946.437999999998
2026-02-19 05:00:00,23799.596000000001,22558.138999999999
2026-02-19 06:00:00,24222.005000000001,22915.665000000001
2026-02-19 07:00:00,22783.66,20915.758999999998
2026-02-19 08:00:00,22754.023000000001,20169.835999999999
2026-02-19 09:00:00,22896.43,19825.720000000001
2026-02-19 10:00:00,22826.216,19554.632000000001
2026-02-19 11:00:00,22938.493999999999,19547.485000000001
2026-02-19 12:00:00,22971.506000000001,19494.246999999999
2026-02-19 13:00:00,23015.602999999999,19499.960999999999
2026-02-19 14:00:00,23654.067999999999,20073.508999999998
2026-02-19 15:00:00,24201.285,20654.621999999999
2026-02-19 16:00:00,24503.649000000001,21005.776999999998
2026-02-19 17:00:00,25158.816999999999,21787.098000000002
2026-02-19 18:00:00,25526.421999999999,22685.339
2026-02-19 19:00:00,26276.77,23836.848999999998
2026-02-19 20:00:00,25100.401000000002,22886.195
2026-02-19 21:00:00,23527.044000000002,21518.896000000001
2026-02-19 22:00:00,21877.145,20192.937000000002
2026-02-19 23:00:00,20762.163,19206.296999999999
2026-02-20 00:00:00,20281.732,18793.531999999999
2026-02-20 01:00:00,19961.794999999998,18570.972000000002
2026-02-20 02:00:00,19878.105,18566.246999999999
2026-02-20 03:00:00,20173.244999999999,18897.088
2026-02-20 04:00:00,21606.611000000001,20360.400000000001
2026-02-20 05:00:00,24072.761999999999,22831.305
2026-02-20 06:00:00,24419.708999999999,23113.368999999999
2026-02-20 07:00:00,22812.751,20944.848999999998
2026-02-20 08:00:00,22790.832999999999,20206.645
2026-02-20 09:00:00,23141.179,20070.470000000001
2026-02-20 10:00:00,22957.565999999999,19685.983
2026-02-20 11:00:00,22836.561000000002,19445.552
2026-02-20 12:00:00,22818.262999999999,19341.004000000001
2026-02-20 13:00:00,22859.986000000001,19344.343000000001
2026-02-20 14:00:00,23118.489000000001,19537.93
2026-02-20 15:00:00,23220.942999999999,19674.279999999999
2026-02-20 16:00:00,23491.605,19993.733
2026-02-20 17:00:00,24027.218000000001,20655.498
2026-02-20 18:00:00,24333.344000000001,21492.259999999998
2026-02-20 19:00:00,25078.705999999998,22638.785
2026-02-20 20:00:00,24003.011999999999,21788.806
2026-02-20 21:00:00,22943.739000000001,20935.591
2026-02-20 22:00:00,21680.841,19996.632000000001
2026-02-20 23:00:00,20592.986000000001,19037.119999999999
2026-02-21 00:00:00,20097.654999999999,18609.455000000002
2026-02-21 01:00:00,19668.495999999999,18277.672999999999
2026-02-21 02:00:00,19530.887999999999,18219.030999999999
2026-02-21 03:00:00,19582.955000000002,18306.797999999999
2026-02-21 04:00:00,19807.668000000001,18561.456999999999
2026-02-21 05:00:00,20324.077000000001,19082.619999999999
2026-02-21 06:00:00,21002.974999999999,19696.633999999998
2026-02-21 07:00:00,21730.828000000001,19862.925999999999
2026-02-21 08:00:00,22516.380000000001,19932.191999999999
2026-02-21 09:00:00,22471.704000000002,19400.994999999999
2026-02-21 10:00:00,22182.832999999999,18911.25
2026-02-21 11:00:00,21816.577000000001,18425.567999999999
2026-02-21 12:00:00,21572.272000000001,18095.012999999999
2026-02-21 13:00:00,21493.894,17978.252
2026-02-21 14:00:00,21608.429,18027.870999999999
2026-02-21 15:00:00,21928.829000000002,18382.166000000001
2026-02-21 16:00:00,22401.491999999998,18903.619999999999
2026-02-21 17:00:00,23170.396000000001,19798.677
2026-02-21 18:00:00,23935.558000000001,21094.473999999998
2026-02-21 19:00:00,24853.925999999999,22414.004000000001
2026-02-21 20:00:00,24250.394,22036.187999999998
2026-02-21 21:00:00,22835.127,20826.977999999999
2026-02-21 22:00:00,21394.356,19710.147000000001
2026-02-21 23:00:00,20378.437000000002,18822.571
2026-02-22 00:00:00,19712.866999999998,18224.667000000001
2026-02-22 01:00:00,19307.802,17916.977999999999
2026-02-22 02:00:00,19201.129000000001,17889.271000000001
2026-02-22 03:00:00,19214.43,17938.273000000001
2026-02-22 04:00:00,19439.365000000002,18193.153999999999
2026-02-22 05:00:00,19814.310000000001,18572.851999999999
2026-02-22 06:00:00,20624.668000000001,19318.328000000001
2026-02-22 07:00:00,21642.654999999999,19774.753000000001
2026-02-22 08:00:00,22248.848999999998,19664.662
2026-02-22 09:00:00,22143.455999999998,19072.746999999999
2026-02-22 10:00:00,21460.819,18189.235000000001
2026-02-22 11:00:00,21079.832999999999,17688.823
2026-02-22 12:00:00,21089.142,17611.883999999998
2026-02-22 13:00:00,20929.626,17413.984
2026-02-22 14:00:00,20911.971000000001,17331.412
2026-02-22 15:00:00,21277.571,17730.907999999999
2026-02-22 16:00:00,21830.258999999998,18332.386999999999
2026-02-22 17:00:00,22778.473000000002,19406.754000000001
2026-02-22 18:00:00,23798.244999999999,20957.162
2026-02-22 19:00:00,24908.302,22468.381000000001
2026-02-22 20:00:00,24243.019,22028.812999999998
2026-02-22 21:00:00,22902.349999999999,20894.201000000001
2026-02-22 22:00:00,21193.837,19509.628000000001
2026-02-22 23:00:00,20078.228999999999,18522.363000000001
2026-02-23 00:00:00,19845.900000000001,18357.700000000001
2026-02-23 01:00:00,19541.381000000001,18150.557000000001
2026-02-23 02:00:00,19360.664000000001,18048.806
2026-02-23 03:00:00,19517.076000000001,18240.919000000002
2026-02-23 04:00:00,20987.810000000001,19741.598999999998
2026-02-23 05:00:00,23369.562999999998,22128.106
2026-02-23 06:00:00,24018.899000000001,22712.559000000001
2026-02-23 07:00:00,22474.428,20606.526999999998
2026-02-23 08:00:00,22846.748,20262.561000000002
2026-02-23 09:00:00,22824.045999999998,19753.335999999999
2026-02-23 10:00:00,22874.057000000001,19602.473999999998
2026-02-23 11:00:00,22729.947,19338.937999999998
2026-02-23 12:00:00,22809.017,19331.758000000002
2026-02-23 13:00:00,22970.842000000001,19455.200000000001
2026-02-23 14:00:00,23367.213,19786.653999999999
2026-02-23 15:00:00,24384.526999999998,20837.864000000001
2026-02-23 16:00:00,24976.280999999999,21478.409
2026-02-23 17:00:00,25507.145,22135.424999999999
2026-02-23 18:00:00,25924.398000000001,23083.314999999999
2026-02-23 19:00:00,26627.904999999999,24187.983
2026-02-23 20:00:00,25162.353999999999,22948.148000000001
2026-02-23 21:00:00,23857.077000000001,21848.929
2026-02-23 22:00:00,22204.425999999999,20520.218000000001
2026-02-23 23:00:00,20936.863000000001,19380.996999999999
2026-02-24 00:00:00,20271.378000000001,18783.178
2026-02-24 01:00:00,19946.444,18555.619999999999
2026-02-24 02:00:00,19825.716,18513.858
2026-02-24 03:00:00,20010.300999999999,18734.144
2026-02-24 04:00:00,21598.776999999998,20352.565999999999
2026-02-24 05:00:00,24128.137999999999,22886.681
2026-02-24 06:00:00,24518.157999999999,23211.817999999999
2026-02-24 07:00:00,23284.488000000001,21416.587
2026-02-24 08:00:00,23479.427,20895.239000000001
2026-02-24 09:00:00,23880.398000000001,20809.687999999998
2026-02-24 10:00:00,23449.866999999998,20178.284
2026-02-24 11:00:00,23294.528999999999,19903.519
2026-02-24 12:00:00,23133.030999999999,19655.773000000001
2026-02-24 13:00:00,23175.659,19660.017
2026-02-24 14:00:00,23571.402999999998,19990.844000000001
2026-02-24 15:00:00,24368.960999999999,20822.298999999999
2026-02-24 16:00:00,24957.014999999999,21459.143
2026-02-24 17:00:00,25449.313999999998,22077.595000000001
2026-02-24 18:00:00,26040.475999999999,23199.393
2026-02-24 19:00:00,26463.610000000001,24023.688999999998
2026-02-24 20:00:00,24996.091,22781.884999999998
2026-02-24 21:00:00,23085.863000000001,21077.715
2026-02-24 22:00:00,21530.928,19846.719000000001
2026-02-24 23:00:00,20683.459999999999,19127.594000000001
2026-02-25 00:00:00,20113.717000000001,18625.517
2026-02-25 01:00:00,19753.955000000002,18363.131000000001
2026-02-25 02:00:00,19649.605,18337.746999999999
2026-02-25 03:00:00,19851.183000000001,18575.026000000002
2026-02-25 04:00:00,21395.863000000001,20149.651999999998
2026-02-25 05:00:00,23866.010999999999,22624.554
2026-02-25 06:00:00,24153.436000000002,22847.095000000001
2026-02-25 07:00:00,22635.812999999998,20767.911
2026-02-25 08:00:00,22721.817999999999,20137.630000000001
2026-02-25 09:00:00,22899.755000000001,19829.045999999998
2026-02-25 10:00:00,22614.609,19343.026000000002
2026-02-25 11:00:00,22686.205000000002,19295.195
2026-02-25 12:00:00,22664.939999999999,19187.681
2026-02-25 13:00:00,22784.617999999999,19268.974999999999
2026-02-25 14:00:00,22934.245999999999,19353.687999999998
2026-02-25 15:00:00,23598.007000000001,20051.344000000001
2026-02-25 16:00:00,24323.428,20825.556
2026-02-25 17:00:00,25185.615000000002,21813.895
2026-02-25 18:00:00,25679.024000000001,22837.939999999999
2026-02-25 19:00:00,26526.241000000002,24086.32
2026-02-25 20:00:00,25102.053,22887.847000000002
2026-02-25 21:00:00,23470.046999999999,21461.899000000001
2026-02-25 22:00:00,21785.726999999999,20101.519
2026-02-25 23:00:00,20676.540000000001,19120.673999999999
2026-02-26 00:00:00,20252.878000000001,18764.678
2026-02-26 01:00:00,19766.506000000001,18375.683000000001
2026-02-26 02:00:00,19681.128000000001,18369.27
2026-02-26 03:00:00,19937.832999999999,18661.675999999999
2026-02-26 04:00:00,21300.385999999999,20054.174999999999
2026-02-26 05:00:00,23878.385999999999,22636.928
2026-02-26 06:00:00,24233.084999999999,22926.744999999999
2026-02-26 07:00:00,22706.076000000001,20838.174999999999
2026-02-26 08:00:00,22587.77,20003.582999999999
2026-02-26 09:00:00,22702.664000000001,19631.955000000002
2026-02-26 10:00:00,22769.203000000001,19497.619999999999
2026-02-26 11:00:00,22841.197,19450.187999999998
2026-02-26 12:00:00,22821.608,19344.349999999999
2026-02-26 13:00:00,22823.573,19307.93
2026-02-26 14:00:00,23304.328000000001,19723.769
2026-02-26 15:00:00,23869.937999999998,20323.275000000001
2026-02-26 16:00:00,24398.325000000001,20900.453000000001
2026-02-26 17:00:00,25114.743999999999,21743.024000000001
2026-02-26 18:00:00,25451.810000000001,22610.726999999999
2026-02-26 19:00:00,26305.044999999998,23865.124
2026-02-26 20:00:00,25008.559000000001,22794.352999999999
2026-02-26 21:00:00,23495.448,21487.298999999999
2026-02-26 22:00:00,21857.643,20173.434000000001
2026-02-26 23:00:00,20776.474999999999,19220.609
2026-02-27 00:00:00,20496.756000000001,19008.556
2026-02-27 01:00:00,20149.958999999999,18759.134999999998
2026-02-27 02:00:00,20068.847000000002,18756.989000000001
2026-02-27 03:00:00,20359.477999999999,19083.321
2026-02-27 04:00:00,21551.905999999999,20305.695
2026-02-27 05:00:00,24007.995999999999,22766.539000000001
2026-02-27 06:00:00,24406.16,23099.82
2026-02-27 07:00:00,22743.687000000002,20875.785
2026-02-27 08:00:00,22772.594000000001,20188.405999999999
2026-02-27 09:00:00,22968.259999999998,19897.550999999999
2026-02-27 10:00:00,23055.232,19783.649000000001
2026-02-27 11:00:00,23074.473999999998,19683.465
2026-02-27 12:00:00,23090.367999999999,19613.109
2026-02-27 13:00:00,22954.850999999999,19439.208999999999
2026-02-27 14:00:00,23098.417000000001,19517.858
2026-02-27 15:00:00,23332.720000000001,19786.057000000001
2026-02-27 16:00:00,23567.726999999999,20069.855
2026-02-27 17:00:00,24270.452000000001,20898.732
2026-02-27 18:00:00,24602.379000000001,21761.294999999998
2026-02-27 19:00:00,25420.956999999999,22981.036
2026-02-27 20:00:00,24216.996999999999,22002.791000000001
2026-02-27 21:00:00,23209.970000000001,21201.821
2026-02-27 22:00:00,21757.135999999999,20072.927
2026-02-27 23:00:00,20697.702000000001,19141.835999999999
2026-02-28 00:00:00,20372.039000000001,18883.839
2026-02-28 01:00:00,19961.115000000002,18570.291000000001
2026-02-28 02:00:00,19778.885999999999,18467.027999999998
2026-02-28 03:00:00,19793.319,18517.162
2026-02-28 04:00:00,19842.719000000001,18596.507000000001
2026-02-28 05:00:00,20404.101999999999,19162.644
2026-02-28 06:00:00,21133.116999999998,19826.776000000002
2026-02-28 07:00:00,21870.748,20002.847000000002
2026-02-28 08:00:00,22633.445,20049.257000000001
2026-02-28 09:00:00,22588.935000000001,19518.224999999999
2026-02-28 10:00:00,22451.498,19179.914000000001
2026-02-28 11:00:00,22070.589,18679.579000000002
2026-02-28 12:00:00,21835.574000000001,18358.315999999999
2026-02-28 13:00:00,21773.824000000001,18258.182000000001
2026-02-28 14:00:00,21908.567999999999,18328.008999999998
2026-02-28 15:00:00,22178.34,18631.677
2026-02-28 16:00:00,22625.628000000001,19127.756000000001
2026-02-28 17:00:00,23316.049999999999,19944.330000000002
2026-02-28 18:00:00,24286.117999999999,21445.035
2026-02-28 19:00:00,25031.168000000001,22591.246999999999
2026-02-28 20:00:00,24175.955999999998,21961.75
2026-02-28 21:00:00,22701.724999999999,20693.577000000001
2026-02-28 22:00:00,21232.395,19548.186000000002
2026-02-28 23:00:00,20201.593000000001,18645.726999999999
2026-03-01 00:00:00,19733.609,18492.784
2026-03-01 01:00:00,19349.164000000001,18211.600999999999
2026-03-01 02:00:00,19212.165000000001,18123.687999999998
2026-03-01 03:00:00,19230.925999999999,18166.852999999999
2026-03-01 04:00:00,19302.350999999999,18271.138999999999
2026-03-01 05:00:00,19670.757000000001,18657.007000000001
2026-03-01 06:00:00,20502.384999999998,19458.639999999999
2026-03-01 07:00:00,21625.109,20210.071
2026-03-01 08:00:00,22274.940999999999,20185.305
2026-03-01 09:00:00,22108.231,19469.119999999999
2026-03-01 10:00:00,21663.565999999999,18696.308000000001
2026-03-01 11:00:00,21272.746999999999,18177.355
2026-03-01 12:00:00,21264.096000000001,18095.949000000001
2026-03-01 13:00:00,21115.779999999999,17865.508999999998
2026-03-01 14:00:00,21039.269,17792.049999999999
2026-03-01 15:00:00,21315.803,18199.234
2026-03-01 16:00:00,21824.238000000001,18890.196
2026-03-01 17:00:00,22812.834999999999,20236.731
2026-03-01 18:00:00,23994.185000000001,21906.683000000001
2026-03-01 19:00:00,25073.215,23174.059000000001
2026-03-01 20:00:00,24239.030999999999,22476.948
2026-03-01 21:00:00,22810.949000000001,21208.423999999999
2026-03-01 22:00:00,21077.206999999999,19736.186000000002
2026-03-01 23:00:00,19961.782999999999,18678.342000000001
2026-03-02 00:00:00,18856.237000000001,17615.413
2026-03-02 01:00:00,18628.869999999999,17491.307000000001
2026-03-02 02:00:00,18606.178,17517.701000000001
2026-03-02 03:00:00,18696.969000000001,17632.896000000001
2026-03-02 04:00:00,19890.262999999999,18859.050999999999
2026-03-02 05:00:00,22990.803,21977.054
2026-03-02 06:00:00,23592.868999999999,22549.123
2026-03-02 07:00:00,22378.564999999999,20963.526000000002
2026-03-02 08:00:00,23015.082999999999,20925.447
2026-03-02 09:00:00,23185.594000000001,20546.483
2026-03-02 10:00:00,23248.478999999999,20281.220000000001
2026-03-02 11:00:00,23212.215,20116.823
2026-03-02 12:00:00,23156.32,19988.171999999999
2026-03-02 13:00:00,23260.150000000001,20009.879000000001
2026-03-02 14:00:00,23495.990000000002,20248.771000000001
2026-03-02 15:00:00,23939.991999999998,20823.422999999999
2026-03-02 16:00:00,24492.922999999999,21558.880000000001
2026-03-02 17:00:00,24665.278999999999,22089.174999999999
2026-03-02 18:00:00,25668.085999999999,23580.583999999999
2026-03-02 19:00:00,26040.444,24141.288
2026-03-02 20:00:00,24509.780999999999,22747.698
2026-03-02 21:00:00,22874.205000000002,21271.68
2026-03-02 22:00:00,21329.785,19988.763999999999
2026-03-02 23:00:00,20326.007000000001,19042.564999999999
2026-03-03 00:00:00,20023.537,18782.713
2026-03-03 01:00:00,19681.666000000001,18544.102999999999
2026-03-03 02:00:00,19565.995999999999,18477.519
2026-03-03 03:00:00,19767.790000000001,18703.718000000001
2026-03-03 04:00:00,21104.491999999998,20073.279999999999
2026-03-03 05:00:00,23059.381000000001,22045.631000000001
2026-03-03 06:00:00,24103.553,23059.808000000001
2026-03-03 07:00:00,23327.235000000001,21912.197
2026-03-03 08:00:00,23519.133999999998,21429.498
2026-03-03 09:00:00,23332.692999999999,20693.581999999999
2026-03-03 10:00:00,23147.565999999999,20180.308000000001
2026-03-03 11:00:00,23163.728999999999,20068.337
2026-03-03 12:00:00,23176.543000000001,20008.395
2026-03-03 13:00:00,23233.356,19983.084999999999
2026-03-03 14:00:00,23545.697,20298.477999999999
2026-03-03 15:00:00,24185.080999999998,21068.510999999999
2026-03-03 16:00:00,24799.371999999999,21865.330000000002
2026-03-03 17:00:00,25195.216,22619.112000000001
2026-03-03 18:00:00,25949.563999999998,23862.062000000002
2026-03-03 19:00:00,25995.973000000002,24096.816999999999
2026-03-03 20:00:00,24709.344000000001,22947.260999999999
2026-03-03 21:00:00,22959.576000000001,21357.050999999999
2026-03-03 22:00:00,21567.575000000001,20226.553
2026-03-03 23:00:00,20561.385999999999,19277.944
2026-03-04 00:00:00,20000.753000000001,18759.928
2026-03-04 01:00:00,19715.297999999999,18577.735000000001
2026-03-04 02:00:00,19644.401000000002,18555.923999999999
2026-03-04 03:00:00,19858.971000000001,18794.899000000001
2026-03-04 04:00:00,21159.990000000002,20128.776999999998
2026-03-04 05:00:00,23200.731,22186.982
2026-03-04 06:00:00,24073.596000000001,23029.850999999999
2026-03-04 07:00:00,23090.972000000002,21675.933000000001
2026-03-04 08:00:00,23299.744999999999,21210.110000000001
2026-03-04 09:00:00,23199.59,20560.48
2026-03-04 10:00:00,23163.030999999999,20195.772000000001
2026-03-04 11:00:00,23107.850999999999,20012.458999999999
2026-03-04 12:00:00,23082.723999999998,19914.576000000001
2026-03-04 13:00:00,23185.328000000001,19935.057000000001
2026-03-04 14:00:00,23605.967000000001,20358.748
2026-03-04 15:00:00,24345.504000000001,21228.934000000001
2026-03-04 16:00:00,24991.990000000002,22057.948
2026-03-04 17:00:00,25136.442999999999,22560.338
2026-03-04 18:00:00,25685.744999999999,23598.243999999999
2026-03-04 19:00:00,25915.008999999998,24015.852999999999
2026-03-04 20:00:00,24418.877,22656.793000000001
2026-03-04 21:00:00,22895.905999999999,21293.381000000001
2026-03-04 22:00:00,21478.732,20137.709999999999
2026-03-04 23:00:00,20476.241000000002,19192.799999999999
2026-03-05 00:00:00,19595.258999999998,18354.434000000001
2026-03-05 01:00:00,19342.056,18204.492999999999
2026-03-05 02:00:00,19204.413,18115.936000000002
2026-03-05 03:00:00,19487.001,18422.928
2026-03-05 04:00:00,20850.713,19819.5
2026-03-05 05:00:00,22983.205000000002,21969.455000000002
2026-03-05 06:00:00,23815.393,22771.648000000001
2026-03-05 07:00:00,23053.103999999999,21638.065999999999
2026-03-05 08:00:00,23214.111000000001,21124.475999999999
2026-03-05 09:00:00,23054.933000000001,20415.822
2026-03-05 10:00:00,22991.923999999999,20024.666000000001
2026-03-05 11:00:00,23007.718000000001,19912.326000000001
2026-03-05 12:00:00,23055.313999999998,19887.167000000001
2026-03-05 13:00:00,23192.052,19941.780999999999
2026-03-05 14:00:00,23593.339,20346.119999999999
2026-03-05 15:00:00,24147.347000000002,21030.777999999998
2026-03-05 16:00:00,24739.305,21805.262999999999
2026-03-05 17:00:00,25020.968000000001,22444.863000000001
2026-03-05 18:00:00,25496.98,23409.477999999999
2026-03-05 19:00:00,25759.181,23860.025000000001
2026-03-05 20:00:00,24477.389999999999,22715.307000000001
2026-03-05 21:00:00,22956.256000000001,21353.731
2026-03-05 22:00:00,21469.066999999999,20128.045999999998
2026-03-05 23:00:00,20483.289000000001,19199.847000000002
2026-03-06 00:00:00,19880.928,18640.103999999999
2026-03-06 01:00:00,19493.767,18356.204000000002
2026-03-06 02:00:00,19373.353999999999,18284.877
2026-03-06 03:00:00,19563.93,18499.857
2026-03-06 04:00:00,20894.966,19863.754000000001
2026-03-06 05:00:00,22865.224999999999,21851.475999999999
2026-03-06 06:00:00,23778.539000000001,22734.794000000002
2026-03-06 07:00:00,23094.029999999999,21678.991999999998
2026-03-06 08:00:00,23432.651000000002,21343.014999999999
2026-03-06 09:00:00,23364.762999999999,20725.652999999998
2026-03-06 10:00:00,23277.632000000001,20310.374
2026-03-06 11:00:00,23244.205999999998,20148.812999999998
2026-03-06 12:00:00,23303.208999999999,20135.061000000002
2026-03-06 13:00:00,23281.639999999999,20031.368999999999
2026-03-06 14:00:00,23548.806,20301.587
2026-03-06 15:00:00,23914.527999999998,20797.958999999999
2026-03-06 16:00:00,24207.814999999999,21273.772000000001
2026-03-06 17:00:00,24399.842000000001,21823.738000000001
2026-03-06 18:00:00,24751.557000000001,22664.056
2026-03-06 19:00:00,24988.313999999998,23089.157999999999
2026-03-06 20:00:00,23848.467000000001,22086.383999999998
2026-03-06 21:00:00,22567.615000000002,20965.09
2026-03-06 22:00:00,21427.349999999999,20086.328000000001
2026-03-06 23:00:00,20449.112000000001,19165.670999999998
2026-03-07 00:00:00,20001.994999999999,18761.170999999998
2026-03-07 01:00:00,19630.668000000001,18493.105
2026-03-07 02:00:00,19400.641,18312.164000000001
2026-03-07 03:00:00,19282.764999999999,18218.691999999999
2026-03-07 04:00:00,19664.744999999999,18633.531999999999
2026-03-07 05:00:00,20073.771000000001,19060.021000000001
2026-03-07 06:00:00,21029.785,19986.040000000001
2026-03-07 07:00:00,22191.144,20776.105
2026-03-07 08:00:00,23004.669000000002,20915.034
2026-03-07 09:00:00,23115.526000000002,20476.415000000001
2026-03-07 10:00:00,22844.972000000002,19877.714
2026-03-07 11:00:00,22690.822,19595.43
2026-03-07 12:00:00,22587.062000000002,19418.914000000001
2026-03-07 13:00:00,22219,18968.728999999999
2026-03-07 14:00:00,22227.429,18980.209999999999
2026-03-07 15:00:00,22380.078000000001,19263.508000000002
2026-03-07 16:00:00,22796.011999999999,19861.970000000001
2026-03-07 17:00:00,23203.537,20627.433000000001
2026-03-07 18:00:00,24005.044000000002,21917.542000000001
2026-03-07 19:00:00,24115.190999999999,22216.035
2026-03-07 20:00:00,23013.938999999998,21251.855
2026-03-07 21:00:00,21615.715,20013.189999999999
2026-03-07 22:00:00,20469.942999999999,19128.921999999999
2026-03-07 23:00:00,19503.644,18220.202000000001
2026-03-08 00:00:00,18906.026000000002,17665.201000000001
2026-03-08 01:00:00,18543.514999999999,17405.952000000001
2026-03-08 02:00:00,18392.970000000001,17304.492999999999
2026-03-08 03:00:00,18372.762999999999,17308.689999999999
2026-03-08 04:00:00,18712.159,17680.946
2026-03-08 05:00:00,18913.438999999998,17899.688999999998
2026-03-08 06:00:00,19927.717000000001,18883.972000000002
2026-03-08 07:00:00,21375.203000000001,19960.165000000001
2026-03-08 08:00:00,22216.484,20126.848999999998
2026-03-08 09:00:00,22309.187999999998,19670.077000000001
2026-03-08 10:00:00,22181.027999999998,19213.769
2026-03-08 11:00:00,22021.637999999999,18926.245999999999
2026-03-08 12:00:00,22007.811000000002,18839.663
2026-03-08 13:00:00,21845.900000000001,18595.629000000001
2026-03-08 14:00:00,21686.839,18439.619999999999
2026-03-08 15:00:00,21778.624,18662.055
2026-03-08 16:00:00,22344.043000000001,19410.001
2026-03-08 17:00:00,22926.040000000001,20349.936000000002
2026-03-08 18:00:00,23850.466,21762.964
2026-03-08 19:00:00,24110.823,22211.666000000001
2026-03-08 20:00:00,22836.391,21074.307000000001
2026-03-08 21:00:00,21303.77,19701.243999999999
2026-03-08 22:00:00,19992.540000000001,18651.519
2026-03-08 23:00:00,19093.906999999999,17810.465
2026-03-09 00:00:00,18811.884999999998,17571.061000000002
2026-03-09 01:00:00,18468.313999999998,17330.751
2026-03-09 02:00:00,18432.916000000001,17344.438999999998
2026-03-09 03:00:00,18609.812999999998,17545.741000000002
2026-03-09 04:00:00,19978.883999999998,18947.671999999999
2026-03-09 05:00:00,22055.939999999999,21042.189999999999
2026-03-09 06:00:00,23271.152999999998,22227.407999999999
2026-03-09 07:00:00,22670.575000000001,21255.537
2026-03-09 08:00:00,23064.319,20974.684000000001
2026-03-09 09:00:00,23120.323,20481.213
2026-03-09 10:00:00,23185.292000000001,20218.032999999999
2026-03-09 11:00:00,23360.789000000001,20265.397000000001
2026-03-09 12:00:00,23423.073,20254.924999999999
2026-03-09 13:00:00,23416.503000000001,20166.232
2026-03-09 14:00:00,23682.048999999999,20434.830000000002
2026-03-09 15:00:00,24286.843000000001,21170.273000000001
2026-03-09 16:00:00,24884.760999999999,21950.718000000001
2026-03-09 17:00:00,25143.948,22567.844000000001
2026-03-09 18:00:00,25909.661,23822.16
2026-03-09 19:00:00,25873.089,23973.932000000001
2026-03-09 20:00:00,24304.962,22542.879000000001
2026-03-09 21:00:00,22822.064999999999,21219.540000000001
2026-03-09 22:00:00,21304.617999999999,19963.596000000001
2026-03-09 23:00:00,20327.827000000001,19044.384999999998
2026-03-10 00:00:00,19857.07,18616.244999999999
2026-03-10 01:00:00,19502.050999999999,18364.488000000001
2026-03-10 02:00:00,19323.377,18234.900000000001
2026-03-10 03:00:00,19591.486000000001,18527.414000000001
2026-03-10 04:00:00,20904.252,19873.040000000001
2026-03-10 05:00:00,22971.703000000001,21957.954000000002
2026-03-10 06:00:00,23963.035,22919.290000000001
2026-03-10 07:00:00,23239.323,21824.284
2026-03-10 08:00:00,23385.352999999999,21295.717000000001
2026-03-10 09:00:00,23246.087,20606.976999999999
2026-03-10 10:00:00,23070.094000000001,20102.835999999999
2026-03-10 11:00:00,23128.337,20032.945
2026-03-10 12:00:00,23092.82,19924.671999999999
2026-03-10 13:00:00,23189.305,19939.034
2026-03-10 14:00:00,23620.882000000001,20373.663
2026-03-10 15:00:00,24320.472000000002,21203.901999999998
2026-03-10 16:00:00,24933.207999999999,21999.166000000001
2026-03-10 17:00:00,25456.337,22880.233
2026-03-10 18:00:00,26171.305,24083.803
2026-03-10 19:00:00,26025.044999999998,24125.888999999999
2026-03-10 20:00:00,24488.609,22726.526000000002
2026-03-10 21:00:00,22821.308000000001,21218.782999999999
2026-03-10 22:00:00,21328.451000000001,19987.43
2026-03-10 23:00:00,20338.080000000002,19054.638999999999
2026-03-11 00:00:00,19788.970000000001,18548.146000000001
2026-03-11 01:00:00,19515.923999999999,18378.361000000001
2026-03-11 02:00:00,19380.072,18291.595000000001
2026-03-11 03:00:00,19613.948,18549.876
2026-03-11 04:00:00,21035.040000000001,20003.827000000001
2026-03-11 05:00:00,23102.850999999999,22089.101999999999
2026-03-11 06:00:00,24022.165000000001,22978.419999999998
2026-03-11 07:00:00,23159.402999999998,21744.364000000001
2026-03-11 08:00:00,23230.584999999999,21140.949000000001
2026-03-11 09:00:00,23171.503000000001,20532.392
2026-03-11 10:00:00,23158.722000000002,20191.463
2026-03-11 11:00:00,23010.852999999999,19915.460999999999
2026-03-11 12:00:00,22969.708999999999,19801.562000000002
2026-03-11 13:00:00,23127.153999999999,19876.883000000002
2026-03-11 14:00:00,23449.381000000001,20202.162
2026-03-11 15:00:00,24285.145,21168.576000000001
2026-03-11 16:00:00,25102.66,22168.617999999999
2026-03-11 17:00:00,25315.782999999999,22739.679
2026-03-11 18:00:00,25914.844000000001,23827.343000000001
2026-03-11 19:00:00,25749.771000000001,23850.614000000001
2026-03-11 20:00:00,24138.873,22376.790000000001
2026-03-11 21:00:00,22714.616999999998,21112.092000000001
2026-03-11 22:00:00,21296.419000000002,19955.398000000001
2026-03-11 23:00:00,20250.32,18966.878000000001
2026-03-12 00:00:00,19718.779999999999,18477.955999999998
2026-03-12 01:00:00,19534.781999999999,18397.219000000001
2026-03-12 02:00:00,19386.796999999999,18298.32
2026-03-12 03:00:00,19619.333999999999,18555.261999999999
2026-03-12 04:00:00,20984.037,19952.824000000001
2026-03-12 05:00:00,23186.526000000002,22172.776999999998
2026-03-12 06:00:00,24078.130000000001,23034.384999999998
2026-03-12 07:00:00,23201.236000000001,21786.198
2026-03-12 08:00:00,23235.751,21146.115000000002
2026-03-12 09:00:00,23083.587,20444.475999999999
2026-03-12 10:00:00,23063.794000000002,20096.536
2026-03-12 11:00:00,23103.780999999999,20008.388999999999
2026-03-12 12:00:00,23251.066999999999,20082.919000000002
2026-03-12 13:00:00,23371.289000000001,20121.017
2026-03-12 14:00:00,23767.137999999999,20519.919000000002
2026-03-12 15:00:00,24405.674999999999,21289.105
2026-03-12 16:00:00,24888.892,21954.849999999999
2026-03-12 17:00:00,25220.969000000001,22644.865000000002
2026-03-12 18:00:00,25774.346000000001,23686.844000000001
2026-03-12 19:00:00,25776.263999999999,23877.108
2026-03-12 20:00:00,24255.881000000001,22493.796999999999
2026-03-12 21:00:00,22784.352999999999,21181.828000000001
2026-03-12 22:00:00,21393.652999999998,20052.631000000001
2026-03-12 23:00:00,20424.498,19141.056
2026-03-13 00:00:00,19804.543000000001,18563.719000000001
2026-03-13 01:00:00,19495.186000000002,18357.623
2026-03-13 02:00:00,19356.572,18268.095000000001
2026-03-13 03:00:00,19681.206999999999,18617.133999999998
2026-03-13 04:00:00,21044.473000000002,20013.259999999998
2026-03-13 05:00:00,23072.072,22058.323
2026-03-13 06:00:00,23970.565999999999,22926.821
2026-03-13 07:00:00,23275.517,21860.478999999999
2026-03-13 08:00:00,23584.995999999999,21495.361000000001
2026-03-13 09:00:00,23585.233,20946.121999999999
2026-03-13 10:00:00,23510.207999999999,20542.949000000001
2026-03-13 11:00:00,23464.455000000002,20369.062000000002
2026-03-13 12:00:00,23506.217000000001,20338.069
2026-03-13 13:00:00,23510.554,20260.282999999999
2026-03-13 14:00:00,23775.847000000002,20528.628000000001
2026-03-13 15:00:00,24150.152999999998,21033.583999999999
2026-03-13 16:00:00,24547.764999999999,21613.723000000002
2026-03-13 17:00:00,24841.77,22265.665000000001
2026-03-13 18:00:00,25281.732,23194.231
2026-03-13 19:00:00,25162.588,23263.432000000001
2026-03-13 20:00:00,23898.547999999999,22136.464
2026-03-13 21:00:00,22652.18,21049.654999999999
2026-03-13 22:00:00,21554.946,20213.924999999999
2026-03-13 23:00:00,20543.191999999999,19259.751
2026-03-14 00:00:00,20056.025000000001,18815.201000000001
2026-03-14 01:00:00,19713.363000000001,18575.798999999999
2026-03-14 02:00:00,19474.094000000001,18385.616999999998
2026-03-14 03:00:00,19420.360000000001,18356.288
2026-03-14 04:00:00,19847.363000000001,18816.151000000002
2026-03-14 05:00:00,20287.331999999999,19273.582999999999
2026-03-14 06:00:00,21229.989000000001,20186.243999999999
2026-03-14 07:00:00,22535.009999999998,21119.971000000001
2026-03-14 08:00:00,23474.118999999999,21384.483
2026-03-14 09:00:00,23628.205000000002,20989.095000000001
2026-03-14 10:00:00,23307.948,20340.688999999998
2026-03-14 11:00:00,23073.928,19978.536
2026-03-14 12:00:00,22867.100999999999,19698.953000000001
2026-03-14 13:00:00,22552.849999999999,19302.579000000002
2026-03-14 14:00:00,22547.723000000002,19300.504000000001
2026-03-14 15:00:00,22561.659,19445.089
2026-03-14 16:00:00,22949.298999999999,20015.257000000001
2026-03-14 17:00:00,23406.116999999998,20830.012999999999
2026-03-14 18:00:00,24407.021000000001,22319.52
2026-03-14 19:00:00,24383.473000000002,22484.316999999999
2026-03-14 20:00:00,23118.367999999999,21356.284
2026-03-14 21:00:00,21730.242999999999,20127.717000000001
2026-03-14 22:00:00,20568.504000000001,19227.483
2026-03-14 23:00:00,19540.123,18256.682000000001
2026-03-15 00:00:00,18945.234,17704.41
2026-03-15 01:00:00,18621.246999999999,17483.684000000001
2026-03-15 02:00:00,18434.822,17346.345000000001
2026-03-15 03:00:00,18465.560000000001,17401.488000000001
2026-03-15 04:00:00,18748.914000000001,17717.702000000001
2026-03-15 05:00:00,18987.066999999999,17973.316999999999
2026-03-15 06:00:00,20054.999,19011.254000000001
2026-03-15 07:00:00,21599.670999999998,20184.632000000001
2026-03-15 08:00:00,22555.669999999998,20466.034
2026-03-15 09:00:00,22872.308000000001,20233.197
2026-03-15 10:00:00,22725.008999999998,19757.75
2026-03-15 11:00:00,22618.739000000001,19523.347000000002
2026-03-15 12:00:00,22430.977999999999,19262.830000000002
2026-03-15 13:00:00,22231.393,18981.121999999999
2026-03-15 14:00:00,22067.769,18820.549999999999
2026-03-15 15:00:00,22250.141,19133.571
2026-03-15 16:00:00,22844.228999999999,19910.187000000002
2026-03-15 17:00:00,23576.859,21000.754000000001
2026-03-15 18:00:00,24656.052,22568.550999999999
2026-03-15 19:00:00,24537.768,22638.612000000001
2026-03-15 20:00:00,22981.797999999999,21219.714
2026-03-15 21:00:00,21376.866000000002,19774.341
2026-03-15 22:00:00,20050.233,18709.210999999999
2026-03-15 23:00:00,19129.155999999999,17845.715
2026-03-16 00:00:00,18789.860000000001,17549.036
2026-03-16 01:00:00,18481.830999999998,17344.268
2026-03-16 02:00:00,18386.823,17298.346000000001
2026-03-16 03:00:00,18660.334999999999,17596.262999999999
2026-03-16 04:00:00,20031.223999999998,19000.010999999999
2026-03-16 05:00:00,22184.746999999999,21170.996999999999
2026-03-16 06:00:00,23473.992999999999,22430.248
2026-03-16 07:00:00,22888.138999999999,21473.099999999999
2026-03-16 08:00:00,23155.026999999998,21065.391
2026-03-16 09:00:00,23148.098000000002,20508.988000000001
2026-03-16 10:00:00,23166.548999999999,20199.290000000001
2026-03-16 11:00:00,23430.107,20334.715
2026-03-16 12:00:00,23423.564999999999,20255.417000000001
2026-03-16 13:00:00,23450.242999999999,20199.972000000002
2026-03-16 14:00:00,23714.089,20466.869999999999
2026-03-16 15:00:00,24358.016,21241.447
2026-03-16 16:00:00,25017.040000000001,22082.998
2026-03-16 17:00:00,25386.973999999998,22810.869999999999
2026-03-16 18:00:00,26153.727999999999,24066.226999999999
2026-03-16 19:00:00,25844.595000000001,23945.438999999998
2026-03-16 20:00:00,24263.966,22501.883000000002
2026-03-16 21:00:00,22684.780999999999,21082.256000000001
2026-03-16 22:00:00,21156.978999999999,19815.957999999999
2026-03-16 23:00:00,20175.546999999999,18892.106
2026-03-17 00:00:00,19656.977999999999,18416.153999999999
2026-03-17 01:00:00,19350.544999999998,18212.981
2026-03-17 02:00:00,19147.804,18059.327000000001
2026-03-17 03:00:00,19429.387999999999,18365.314999999999
2026-03-17 04:00:00,20785.606,19754.394
2026-03-17 05:00:00,22905.554,21891.805
2026-03-17 06:00:00,23953.720000000001,22909.974999999999
2026-03-17 07:00:00,23256.964,21841.925999999999
2026-03-17 08:00:00,23384.184000000001,21294.548999999999
2026-03-17 09:00:00,23297.236000000001,20658.126
2026-03-17 10:00:00,23203.538,20236.278999999999
2026-03-17 11:00:00,23252.007000000001,20156.615000000002
2026-03-17 12:00:00,23192.217000000001,20024.069
2026-03-17 13:00:00,23335.934000000001,20085.663
2026-03-17 14:00:00,23809.962,20562.742999999999
2026-03-17 15:00:00,24438.290000000001,21321.720000000001
2026-03-17 16:00:00,25098.446,22164.403999999999
2026-03-17 17:00:00,25607.795999999998,23031.691999999999
2026-03-17 18:00:00,26359.631000000001,24272.129000000001
2026-03-17 19:00:00,25982.357,24083.201000000001
2026-03-17 20:00:00,24351.016,22588.933000000001
2026-03-17 21:00:00,22627.116000000002,21024.591
2026-03-17 22:00:00,21139.52,19798.499
2026-03-17 23:00:00,20174.867999999999,18891.425999999999
2026-03-18 00:00:00,19685.618999999999,18444.794999999998
2026-03-18 01:00:00,19387.221000000001,18249.657999999999
2026-03-18 02:00:00,19236.268,18147.791000000001
2026-03-18 03:00:00,19484.694,18420.620999999999
2026-03-18 04:00:00,20946.651999999998,19915.438999999998
2026-03-18 05:00:00,23006.510999999999,21992.761999999999
2026-03-18 06:00:00,24073.894,23030.149000000001
2026-03-18 07:00:00,23343.919000000002,21928.881000000001
2026-03-18 08:00:00,23370.371999999999,21280.736000000001
2026-03-18 09:00:00,23313.286,20674.175999999999
2026-03-18 10:00:00,23366.063999999998,20398.805
2026-03-18 11:00:00,23270.436000000002,20175.044000000002
2026-03-18 12:00:00,23167.708999999999,19999.561000000002
2026-03-18 13:00:00,23330.028999999999,20079.758000000002
2026-03-18 14:00:00,23703.313999999998,20456.095000000001
2026-03-18 15:00:00,24477.316999999999,21360.746999999999
2026-03-18 16:00:00,25318.813999999998,22384.772000000001
2026-03-18 17:00:00,25659.272000000001,23083.168000000001
2026-03-18 18:00:00,26401.459999999999,24313.957999999999
2026-03-18 19:00:00,25946.429,24047.273000000001
2026-03-18 20:00:00,24314.669000000002,22552.585999999999
2026-03-18 21:00:00,22714.279999999999,21111.755000000001
2026-03-18 22:00:00,21277.093000000001,19936.072
2026-03-18 23:00:00,20251.092000000001,18967.651000000002
2026-03-19 00:00:00,19642.091,18401.267
2026-03-19 01:00:00,19400.954000000002,18263.389999999999
2026-03-19 02:00:00,19263.383999999998,18174.906999999999
2026-03-19 03:00:00,19515.513999999999,18451.440999999999
2026-03-19 04:00:00,20888.196,19856.983
2026-03-19 05:00:00,23081.419000000002,22067.669000000002
2026-03-19 06:00:00,24164.348000000002,23120.602999999999
2026-03-19 07:00:00,23425.435000000001,22010.397000000001
2026-03-19 08:00:00,23510.832999999999,21421.198
2026-03-19 09:00:00,23383.323,20744.213
2026-03-19 10:00:00,23357.278999999999,20390.02
2026-03-19 11:00:00,23373.385999999999,20277.993999999999
2026-03-19 12:00:00,23354.985000000001,20186.838
2026-03-19 13:00:00,23485.107,20234.835999999999
2026-03-19 14:00:00,23881.968000000001,20634.749
2026-03-19 15:00:00,24570.425999999999,21453.857
2026-03-19 16:00:00,25169.303,22235.260999999999
2026-03-19 17:00:00,25615.723000000002,23039.617999999999
2026-03-19 18:00:00,26250.116000000002,24162.614000000001
2026-03-19 19:00:00,25796.431,23897.275000000001
2026-03-19 20:00:00,24163.187999999998,22401.105
2026-03-19 21:00:00,22592.240000000002,20989.715
2026-03-19 22:00:00,21179.960999999999,19838.938999999998
2026-03-19 23:00:00,20199.636999999999,18916.196
2026-03-20 00:00:00,19383.883000000002,18143.058000000001
2026-03-20 01:00:00,19012.083999999999,17874.521000000001
2026-03-20 02:00:00,18892.305,17803.828000000001
2026-03-20 03:00:00,19145.582999999999,18081.510999999999
2026-03-20 04:00:00,20372.774000000001,19341.561000000002
2026-03-20 05:00:00,22124.306,21110.557000000001
2026-03-20 06:00:00,23060.361000000001,22016.616000000002
2026-03-20 07:00:00,22913.044999999998,21498.007000000001
2026-03-20 08:00:00,23500.563999999998,21410.929
2026-03-20 09:00:00,23536.339,20897.227999999999
2026-03-20 10:00:00,23529.139999999999,20561.881000000001
2026-03-20 11:00:00,23406.064999999999,20310.672999999999
2026-03-20 12:00:00,23427.022000000001,20258.874
2026-03-20 13:00:00,23348.892,20098.620999999999
2026-03-20 14:00:00,23441.895,20194.675999999999
2026-03-20 15:00:00,23581.875,20465.305
2026-03-20 16:00:00,23921.519,20987.476999999999
2026-03-20 17:00:00,24081.091,21504.987000000001
2026-03-20 18:00:00,24487.931,22400.429
2026-03-20 19:00:00,24404.754000000001,22505.598000000002
2026-03-20 20:00:00,23291.034,21528.951000000001
2026-03-20 21:00:00,22040.871999999999,20438.347000000002
2026-03-20 22:00:00,20930.169000000002,19589.148000000001
2026-03-20 23:00:00,19940.245999999999,18656.804
2026-03-21 00:00:00,19488.631000000001,18247.807000000001
2026-03-21 01:00:00,19055.581999999999,17918.019
2026-03-21 02:00:00,18907.637999999999,17819.161
2026-03-21 03:00:00,18880.414000000001,17816.341
2026-03-21 04:00:00,19261.117999999999,18229.905999999999
2026-03-21 05:00:00,19560.335999999999,18546.587
2026-03-21 06:00:00,20517.275000000001,19473.529999999999
2026-03-21 07:00:00,21882.681,20467.643
2026-03-21 08:00:00,22745.397000000001,20655.760999999999
2026-03-21 09:00:00,22941.825000000001,20302.714
2026-03-21 10:00:00,22677.029999999999,19709.771000000001
2026-03-21 11:00:00,22462.589,19367.197
2026-03-21 12:00:00,22279.767,19111.618999999999
2026-03-21 13:00:00,22063.223999999998,18812.953000000001
2026-03-21 14:00:00,22055.488000000001,18808.269
2026-03-21 15:00:00,22146.756000000001,19030.186000000002
2026-03-21 16:00:00,22557.871999999999,19623.830000000002
2026-03-21 17:00:00,23043.054,20466.949000000001
2026-03-21 18:00:00,23878.510999999999,21791.008999999998
2026-03-21 19:00:00,23901.451000000001,22002.294999999998
2026-03-21 20:00:00,22728.896000000001,20966.812000000002
2026-03-21 21:00:00,21399.425999999999,19796.901000000002
2026-03-21 22:00:00,20244.428,18903.405999999999
2026-03-21 23:00:00,19308.169999999998,18024.727999999999
2026-03-22 00:00:00,18764.151999999998,17523.328000000001
2026-03-22 01:00:00,18417.958999999999,17280.396000000001
2026-03-22 02:00:00,18241.941999999999,17153.465
2026-03-22 03:00:00,18220.127,17156.055
2026-03-22 04:00:00,18506.021000000001,17474.808000000001
2026-03-22 05:00:00,18694.485000000001,17680.735000000001
2026-03-22 06:00:00,19615.189999999999,18571.445
2026-03-22 07:00:00,21272.487000000001,19857.449000000001
2026-03-22 08:00:00,22115.362000000001,20025.725999999999
2026-03-22 09:00:00,22332.543000000001,19693.432000000001
2026-03-22 10:00:00,22171.246999999999,19203.988000000001
2026-03-22 11:00:00,22033.441999999999,18938.049999999999
2026-03-22 12:00:00,22022.053,18853.905999999999
2026-03-22 13:00:00,21921.429,18671.157999999999
2026-03-22 14:00:00,21826.098000000002,18578.879000000001
2026-03-22 15:00:00,21992.046999999999,18875.476999999999
2026-03-22 16:00:00,22569.513999999999,19635.472000000002
2026-03-22 17:00:00,23135.113000000001,20559.008000000002
2026-03-22 18:00:00,24009.431,21921.929
2026-03-22 19:00:00,24081.625,22182.469000000001
2026-03-22 20:00:00,22831.827000000001,21069.742999999999
2026-03-22 21:00:00,21315.895,19713.369999999999
2026-03-22 22:00:00,19973.119999999999,18632.098999999998
2026-03-22 23:00:00,19049.251,17765.810000000001
2026-03-23 00:00:00,18848.123,17607.298999999999
2026-03-23 01:00:00,18565.243999999999,17427.68
2026-03-23 02:00:00,18482.366000000002,17393.888999999999
2026-03-23 03:00:00,18748.763999999999,17684.691999999999
2026-03-23 04:00:00,19999.341,18968.128000000001
2026-03-23 05:00:00,22051.429,21037.679
2026-03-23 06:00:00,23306.469000000001,22262.723999999998
2026-03-23 07:00:00,22781.035,21365.996999999999
2026-03-23 08:00:00,23115.240000000002,21025.605
2026-03-23 09:00:00,23254.893,20615.781999999999
2026-03-23 10:00:00,23317.098000000002,20349.839
2026-03-23 11:00:00,23506.152999999998,20410.760999999999
2026-03-23 12:00:00,23414.416000000001,20246.268
2026-03-23 13:00:00,23456.293000000001,20206.022000000001
2026-03-23 14:00:00,23849.075000000001,20601.856
2026-03-23 15:00:00,24560.573,21444.003000000001
2026-03-23 16:00:00,25149.481,22215.438999999998
2026-03-23 17:00:00,25407.736000000001,22831.632000000001
2026-03-23 18:00:00,26090.078000000001,24002.577000000001
2026-03-23 19:00:00,25738.75,23839.594000000001
2026-03-23 20:00:00,24142.096000000001,22380.012999999999
2026-03-23 21:00:00,22719.679,21117.153999999999
2026-03-23 22:00:00,21298.188999999998,19957.167000000001
2026-03-23 23:00:00,20278.651000000002,18995.209999999999
2026-03-24 00:00:00,19790.756000000001,18549.931
2026-03-24 01:00:00,19523.68,18386.116999999998
2026-03-24 02:00:00,19349.712,18261.235000000001
2026-03-24 03:00:00,19564.663,18500.591
2026-03-24 04:00:00,20888.215,19857.003000000001
2026-03-24 05:00:00,22883.540000000001,21869.790000000001
2026-03-24 06:00:00,23772.73,22728.985000000001
2026-03-24 07:00:00,23163.127,21748.089
2026-03-24 08:00:00,23321.857,21232.221000000001
2026-03-24 09:00:00,23285.763999999999,20646.653999999999
2026-03-24 10:00:00,23181.550999999999,20214.293000000001
2026-03-24 11:00:00,23238.982,20143.59
2026-03-24 12:00:00,23198.761999999999,20030.614000000001
2026-03-24 13:00:00,23329.266,20078.994999999999
2026-03-24 14:00:00,23757.292000000001,20510.073
2026-03-24 15:00:00,24419.647000000001,21303.077000000001
2026-03-24 16:00:00,25039.342000000001,22105.298999999999
2026-03-24 17:00:00,25556.921999999999,22980.816999999999
2026-03-24 18:00:00,26278.892,24191.389999999999
2026-03-24 19:00:00,25853.249,23954.093000000001
2026-03-24 20:00:00,24342.282999999999,22580.200000000001
2026-03-24 21:00:00,22801.038,21198.512999999999
2026-03-24 22:00:00,21384.43,20043.409
2026-03-24 23:00:00,20393.634999999998,19110.194
2026-03-25 00:00:00,19853.735000000001,18612.911
2026-03-25 01:00:00,19570.503000000001,18432.939999999999
2026-03-25 02:00:00,19450.902999999998,18362.425999999999
2026-03-25 03:00:00,19677.420999999998,18613.348000000002
2026-03-25 04:00:00,21022.299999999999,19991.087
2026-03-25 05:00:00,22845.144,21831.395
2026-03-25 06:00:00,23802.699000000001,22758.954000000002
2026-03-25 07:00:00,23200.866000000002,21785.827000000001
2026-03-25 08:00:00,23335.863000000001,21246.226999999999
2026-03-25 09:00:00,23270.717000000001,20631.607
2026-03-25 10:00:00,23341.380000000001,20374.121999999999
2026-03-25 11:00:00,23229.126,20133.734
2026-03-25 12:00:00,23184.828000000001,20016.68
2026-03-25 13:00:00,23359.205999999998,20108.935000000001
2026-03-25 14:00:00,23747.347000000002,20500.128000000001
2026-03-25 15:00:00,24515.671999999999,21399.102999999999
2026-03-25 16:00:00,25275.989000000001,22341.947
2026-03-25 17:00:00,25473.724999999999,22897.620999999999
2026-03-25 18:00:00,26071.784,23984.281999999999
2026-03-25 19:00:00,25466.631000000001,23567.474999999999
2026-03-25 20:00:00,23962.505000000001,22200.421999999999
2026-03-25 21:00:00,22483.981,20881.455999999998
2026-03-25 22:00:00,21113.845000000001,19772.823
2026-03-25 23:00:00,20171.808000000001,18888.366999999998
2026-03-26 00:00:00,19630.044999999998,18389.221000000001
2026-03-26 01:00:00,19346.264999999999,18208.701000000001
2026-03-26 02:00:00,19284.075000000001,18195.598000000002
2026-03-26 03:00:00,19477.519,18413.447
2026-03-26 04:00:00,20732.756000000001,19701.543000000001
2026-03-26 05:00:00,22627.990000000002,21614.241000000002
2026-03-26 06:00:00,23574.933000000001,22531.187000000002
2026-03-26 07:00:00,23187.5,21772.462
2026-03-26 08:00:00,23461.477999999999,21371.843000000001
2026-03-26 09:00:00,23396.858,20757.746999999999
2026-03-26 10:00:00,23329.361000000001,20362.101999999999
2026-03-26 11:00:00,23284.932000000001,20189.540000000001
2026-03-26 12:00:00,23353.769,20185.620999999999
2026-03-26 13:00:00,23373.572,20123.300999999999
2026-03-26 14:00:00,23749.166000000001,20501.947
2026-03-26 15:00:00,24372.481,21255.911
2026-03-26 16:00:00,25093.031999999999,22158.989000000001
2026-03-26 17:00:00,25503.868999999999,22927.764999999999
2026-03-26 18:00:00,25927.644,23840.143
2026-03-26 19:00:00,25426.494999999999,23527.339
2026-03-26 20:00:00,23793.830999999998,22031.746999999999
2026-03-26 21:00:00,22435.041000000001,20832.516
2026-03-26 22:00:00,21081.038,19740.017
2026-03-26 23:00:00,20136.169999999998,18852.727999999999
2026-03-27 00:00:00,19545.294999999998,18304.471000000001
2026-03-27 01:00:00,19223.097000000002,18085.534
2026-03-27 02:00:00,19085.074000000001,17996.597000000002
2026-03-27 03:00:00,19417.887999999999,18353.814999999999
2026-03-27 04:00:00,20662.175999999999,19630.964
2026-03-27 05:00:00,22314.973999999998,21301.224999999999
2026-03-27 06:00:00,23264.565999999999,22220.821
2026-03-27 07:00:00,23243.056,21828.017
2026-03-27 08:00:00,23779.058000000001,21689.421999999999
2026-03-27 09:00:00,23989.613000000001,21350.503000000001
2026-03-27 10:00:00,23957.299999999999,20990.041000000001
2026-03-27 11:00:00,23862.370999999999,20766.978999999999
2026-03-27 12:00:00,23861.037,20692.888999999999
2026-03-27 13:00:00,23816.812000000002,20566.541000000001
2026-03-27 14:00:00,23878.656999999999,20631.437000000002
2026-03-27 15:00:00,24015.742999999999,20899.173999999999
2026-03-27 16:00:00,24378.169999999998,21444.128000000001
2026-03-27 17:00:00,24597.396000000001,22021.292000000001
2026-03-27 18:00:00,25098.464,23010.963
2026-03-27 19:00:00,24722.968000000001,22823.811000000002
2026-03-27 20:00:00,23487.080000000002,21724.995999999999
2026-03-27 21:00:00,22371.221000000001,20768.696
2026-03-27 22:00:00,21239.413,19898.391
2026-03-27 23:00:00,20228.256000000001,18944.814999999999
2026-03-28 00:00:00,19654.249,18413.424999999999
2026-03-28 01:00:00,19259.678,18122.115000000002
2026-03-28 02:00:00,19114.849999999999,18026.373
2026-03-28 03:00:00,19133.009999999998,18068.937000000002
2026-03-28 04:00:00,19542.634999999998,18511.422999999999
2026-03-28 05:00:00,19949.063999999998,18935.313999999998
2026-03-28 06:00:00,20922.884999999998,19879.139999999999
2026-03-28 07:00:00,22334.294999999998,20919.256000000001
2026-03-28 08:00:00,23184.501,21094.865000000002
2026-03-28 09:00:00,23369.935000000001,20730.825000000001
2026-03-28 10:00:00,22963.751,19996.491999999998
2026-03-28 11:00:00,22592.621999999999,19497.23
2026-03-28 12:00:00,22244.584999999999,19076.437000000002
2026-03-28 13:00:00,22061.192999999999,18810.921999999999
2026-03-28 14:00:00,22086.734,18839.514999999999
2026-03-28 15:00:00,22151.374,19034.805
2026-03-28 16:00:00,22577.330000000002,19643.288
2026-03-28 17:00:00,23096.055,20519.951000000001
2026-03-28 18:00:00,24160.780999999999,22073.278999999999
2026-03-28 19:00:00,23897.442999999999,21998.287
2026-03-28 20:00:00,22626.416000000001,20864.332999999999
2026-03-28 21:00:00,21386.637999999999,19784.113000000001
2026-03-28 22:00:00,20253.045999999998,18912.025000000001
2026-03-28 23:00:00,19286.814999999999,18003.374
2026-03-29 00:00:00,18713.386999999999,17472.562999999998
2026-03-29 01:00:00,18371.530999999999,17233.968000000001
2026-03-29 02:00:00,18189.066999999999,17100.59
2026-03-29 03:00:00,18204.065999999999,17139.993999999999
2026-03-29 04:00:00,18492.121999999999,17460.91
2026-03-29 05:00:00,18648.954000000002,17635.205000000002
2026-03-29 06:00:00,19680.690999999999,18636.946
2026-03-29 07:00:00,21245.831999999999,19830.793000000001
2026-03-29 08:00:00,22137.038,20047.401999999998
2026-03-29 09:00:00,22395.874,19756.763999999999
2026-03-29 10:00:00,22150.088,19182.829000000002
2026-03-29 11:00:00,22123.431,19028.038
2026-03-29 12:00:00,22027.368999999999,18859.221000000001
2026-03-29 13:00:00,21938.139999999999,18687.868999999999
2026-03-29 14:00:00,21912.562999999998,18665.344000000001
2026-03-29 15:00:00,22098.719000000001,18982.149000000001
2026-03-29 16:00:00,22605.396000000001,19671.352999999999
2026-03-29 17:00:00,23286.220000000001,20710.115000000002
2026-03-29 18:00:00,24278.699000000001,22191.198
2026-03-29 19:00:00,23943.601999999999,22044.446
2026-03-29 20:00:00,22513.851999999999,20751.769
2026-03-29 21:00:00,21020.626,19418.100999999999
2026-03-29 22:00:00,19738.044000000002,18397.023000000001
2026-03-29 23:00:00,18824.975999999999,17541.535
2026-03-30 00:00:00,18079.279999999999,16838.455999999998
2026-03-30 01:00:00,17760.744999999999,16623.181
2026-03-30 02:00:00,17735.471000000001,16646.993999999999
2026-03-30 03:00:00,17908.985000000001,16844.912
2026-03-30 04:00:00,18907.437000000002,17876.224999999999
2026-03-30 05:00:00,20179.203000000001,19165.454000000002
2026-03-30 06:00:00,21575.522000000001,20531.776999999998
2026-03-30 07:00:00,22408.245999999999,20993.207999999999
2026-03-30 08:00:00,23183.205000000002,21093.569
2026-03-30 09:00:00,23509.744999999999,20870.634999999998
2026-03-30 10:00:00,23454.865000000002,20487.606
2026-03-30 11:00:00,23376.657999999999,20281.266
2026-03-30 12:00:00,23200.386999999999,20032.239000000001
2026-03-30 13:00:00,23227.524000000001,19977.253000000001
2026-03-30 14:00:00,23507.061000000002,20259.842000000001
2026-03-30 15:00:00,23902.355,20785.785
2026-03-30 16:00:00,24510.608,21576.565999999999
2026-03-30 17:00:00,24749.062999999998,22172.958999999999
2026-03-30 18:00:00,25586.909,23499.406999999999
2026-03-30 19:00:00,24810.774000000001,22911.617999999999
2026-03-30 20:00:00,23300.350999999999,21538.268
2026-03-30 21:00:00,21861.412,20258.886999999999
2026-03-30 22:00:00,20636.616000000002,19295.595000000001
2026-03-30 23:00:00,19695.734,18412.292000000001
2026-03-31 00:00:00,19081.857,17841.032999999999
2026-03-31 01:00:00,18849.365000000002,17711.800999999999
2026-03-31 02:00:00,18843.608,17755.131000000001
2026-03-31 03:00:00,19024.280999999999,17960.207999999999
2026-03-31 04:00:00,19935.727999999999,18904.514999999999
2026-03-31 05:00:00,20973.808000000001,19960.059000000001
2026-03-31 06:00:00,22049.549999999999,21005.805
2026-03-31 07:00:00,22749.125,21334.085999999999
2026-03-31 08:00:00,23429.027999999998,21339.392
2026-03-31 09:00:00,23462.838,20823.726999999999
2026-03-31 10:00:00,23280.522000000001,20313.262999999999
2026-03-31 11:00:00,23179.760999999999,20084.368999999999
2026-03-31 12:00:00,23080.169000000002,19912.021000000001
2026-03-31 13:00:00,23164.322,19914.050999999999
2026-03-31 14:00:00,23542.116000000002,20294.897000000001
2026-03-31 15:00:00,24125.305,21008.736000000001
2026-03-31 16:00:00,24611.023000000001,21676.98
2026-03-31 17:00:00,25021.923999999999,22445.82
2026-03-31 18:00:00,25575.583999999999,23488.081999999999
2026-03-31 19:00:00,24776.882000000001,22877.725999999999
2026-03-31 20:00:00,23218.808000000001,21456.724999999999
2026-03-31 21:00:00,21746.195,20143.669999999998
2026-03-31 22:00:00,20578.740000000002,19237.719000000001
2026-03-31 23:00:00,19656.202000000001,18372.760999999999
