DateTimeKey,Date Time Hour Beginning,Hourly UCLF+OCLF
2026-01-27 00:00:00,2026-01-27 00:00:00,10071.725
2026-01-27 01:00:00,2026-01-27 01:00:00,9924.1589999999997
2026-01-27 02:00:00,2026-01-27 02:00:00,9199.0609999999997
2026-01-27 03:00:00,2026-01-27 03:00:00,9652.4079999999994
2026-01-27 04:00:00,2026-01-27 04:00:00,10006.155000000001
2026-01-27 05:00:00,2026-01-27 05:00:00,10361.981
2026-01-27 06:00:00,2026-01-27 06:00:00,10472.442999999999
2026-01-27 07:00:00,2026-01-27 07:00:00,9938.3150000000005
2026-01-27 08:00:00,2026-01-27 08:00:00,9826.0769999999993
2026-01-27 09:00:00,2026-01-27 09:00:00,9776.7759999999998
2026-01-27 10:00:00,2026-01-27 10:00:00,9824.2070000000003
2026-01-27 11:00:00,2026-01-27 11:00:00,9772.6290000000008
2026-01-27 12:00:00,2026-01-27 12:00:00,9788.9079999999994
2026-01-27 13:00:00,2026-01-27 13:00:00,9501.5069999999996
2026-01-27 14:00:00,2026-01-27 14:00:00,9360.1880000000001
2026-01-27 15:00:00,2026-01-27 15:00:00,9266.2600000000002
2026-01-27 16:00:00,2026-01-27 16:00:00,9234.5169999999998
2026-01-27 17:00:00,2026-01-27 17:00:00,9412.509
2026-01-27 18:00:00,2026-01-27 18:00:00,9469.7279999999992
2026-01-27 19:00:00,2026-01-27 19:00:00,9571.2270000000008
2026-01-27 20:00:00,2026-01-27 20:00:00,9526.6779999999999
2026-01-27 21:00:00,2026-01-27 21:00:00,9504.2049999999999
2026-01-27 22:00:00,2026-01-27 22:00:00,9471.75
2026-01-27 23:00:00,2026-01-27 23:00:00,9321.0139999999992
2026-01-28 00:00:00,2026-01-28 00:00:00,9254.143
2026-01-28 01:00:00,2026-01-28 01:00:00,9405.9009999999998
2026-01-28 02:00:00,2026-01-28 02:00:00,9617.5100000000002
2026-01-28 03:00:00,2026-01-28 03:00:00,9613.3430000000008
2026-01-28 04:00:00,2026-01-28 04:00:00,9416.2669999999998
2026-01-28 05:00:00,2026-01-28 05:00:00,9961.8829999999998
2026-01-28 06:00:00,2026-01-28 06:00:00,10078.661
2026-01-28 07:00:00,2026-01-28 07:00:00,9631.348
2026-01-28 08:00:00,2026-01-28 08:00:00,10033.916999999999
2026-01-28 09:00:00,2026-01-28 09:00:00,10000.494000000001
2026-01-28 10:00:00,2026-01-28 10:00:00,9934.0939999999991
2026-01-28 11:00:00,2026-01-28 11:00:00,9934.0939999999991
2026-01-28 12:00:00,2026-01-28 12:00:00,10020.32
2026-01-28 13:00:00,2026-01-28 13:00:00,10137.084000000001
2026-01-28 14:00:00,2026-01-28 14:00:00,10211.297
2026-01-28 15:00:00,2026-01-28 15:00:00,10377.227000000001
2026-01-28 16:00:00,2026-01-28 16:00:00,10380.384
2026-01-28 17:00:00,2026-01-28 17:00:00,10393.833000000001
2026-01-28 18:00:00,2026-01-28 18:00:00,10319.365
2026-01-28 19:00:00,2026-01-28 19:00:00,10169.889999999999
2026-01-28 20:00:00,2026-01-28 20:00:00,10508.299000000001
2026-01-28 21:00:00,2026-01-28 21:00:00,10626.441999999999
2026-01-28 22:00:00,2026-01-28 22:00:00,10671.312
2026-01-28 23:00:00,2026-01-28 23:00:00,10321.963
2026-01-29 00:00:00,2026-01-29 00:00:00,9653.3829999999998
2026-01-29 01:00:00,2026-01-29 01:00:00,9332.7340000000004
2026-01-29 02:00:00,2026-01-29 02:00:00,9169.7890000000007
2026-01-29 03:00:00,2026-01-29 03:00:00,8778.0490000000009
2026-01-29 04:00:00,2026-01-29 04:00:00,8866.0589999999993
2026-01-29 05:00:00,2026-01-29 05:00:00,8958.1849999999995
2026-01-29 06:00:00,2026-01-29 06:00:00,9115.9410000000007
2026-01-29 07:00:00,2026-01-29 07:00:00,9111.0789999999997
2026-01-29 08:00:00,2026-01-29 08:00:00,9089.0400000000009
2026-01-29 09:00:00,2026-01-29 09:00:00,9042.0930000000008
2026-01-29 10:00:00,2026-01-29 10:00:00,8918.0429999999997
2026-01-29 11:00:00,2026-01-29 11:00:00,8908.5499999999993
2026-01-29 12:00:00,2026-01-29 12:00:00,8910.7019999999993
2026-01-29 13:00:00,2026-01-29 13:00:00,9010.1919999999991
2026-01-29 14:00:00,2026-01-29 14:00:00,9010.1919999999991
2026-01-29 15:00:00,2026-01-29 15:00:00,9013.1839999999993
2026-01-29 16:00:00,2026-01-29 16:00:00,9112.3089999999993
2026-01-29 17:00:00,2026-01-29 17:00:00,9095.5010000000002
2026-01-29 18:00:00,2026-01-29 18:00:00,8874.2540000000008
2026-01-29 19:00:00,2026-01-29 19:00:00,8861.2639999999992
2026-01-29 20:00:00,2026-01-29 20:00:00,8736.5740000000005
2026-01-29 21:00:00,2026-01-29 21:00:00,8478.5910000000003
2026-01-29 22:00:00,2026-01-29 22:00:00,8391.5249999999996
2026-01-29 23:00:00,2026-01-29 23:00:00,8374.598
2026-01-30 00:00:00,2026-01-30 00:00:00,8446.0120000000006
2026-01-30 01:00:00,2026-01-30 01:00:00,8362.4650000000001
2026-01-30 02:00:00,2026-01-30 02:00:00,8401.6730000000007
2026-01-30 03:00:00,2026-01-30 03:00:00,8493.6129999999994
2026-01-30 04:00:00,2026-01-30 04:00:00,8452.6090000000004
2026-01-30 05:00:00,2026-01-30 05:00:00,8386.3979999999992
2026-01-30 06:00:00,2026-01-30 06:00:00,8268.5159999999996
2026-01-30 07:00:00,2026-01-30 07:00:00,8163.1019999999999
2026-01-30 08:00:00,2026-01-30 08:00:00,8090.0820000000003
2026-01-30 09:00:00,2026-01-30 09:00:00,7981.0709999999999
2026-01-30 10:00:00,2026-01-30 10:00:00,7912.8159999999998
2026-01-30 11:00:00,2026-01-30 11:00:00,7912.8159999999998
2026-01-30 12:00:00,2026-01-30 12:00:00,7726.0330000000004
2026-01-30 13:00:00,2026-01-30 13:00:00,7692.5
2026-01-30 14:00:00,2026-01-30 14:00:00,7951.3729999999996
2026-01-30 15:00:00,2026-01-30 15:00:00,7799.0079999999998
2026-01-30 16:00:00,2026-01-30 16:00:00,7875.826
2026-01-30 17:00:00,2026-01-30 17:00:00,7932.5259999999998
2026-01-30 18:00:00,2026-01-30 18:00:00,8080.71
2026-01-30 19:00:00,2026-01-30 19:00:00,8034.643
2026-01-30 20:00:00,2026-01-30 20:00:00,8217.9930000000004
2026-01-30 21:00:00,2026-01-30 21:00:00,8120.9759999999997
2026-01-30 22:00:00,2026-01-30 22:00:00,7965.4499999999998
2026-01-30 23:00:00,2026-01-30 23:00:00,7871.5330000000004
2026-01-31 00:00:00,2026-01-31 00:00:00,7946.174
2026-01-31 01:00:00,2026-01-31 01:00:00,8161.7979999999998
2026-01-31 02:00:00,2026-01-31 02:00:00,8511.0059999999994
2026-01-31 03:00:00,2026-01-31 03:00:00,8494.1059999999998
2026-01-31 04:00:00,2026-01-31 04:00:00,8693.5640000000003
2026-01-31 05:00:00,2026-01-31 05:00:00,8948.1569999999992
2026-01-31 06:00:00,2026-01-31 06:00:00,8914.2469999999994
2026-01-31 07:00:00,2026-01-31 07:00:00,8883.5040000000008
2026-01-31 08:00:00,2026-01-31 08:00:00,8848.8240000000005
2026-01-31 09:00:00,2026-01-31 09:00:00,8685.8179999999993
2026-01-31 10:00:00,2026-01-31 10:00:00,8323.0499999999993
2026-01-31 11:00:00,2026-01-31 11:00:00,8173.3339999999998
2026-01-31 12:00:00,2026-01-31 12:00:00,7933.2070000000003
2026-01-31 13:00:00,2026-01-31 13:00:00,7922.9409999999998
2026-01-31 14:00:00,2026-01-31 14:00:00,7674.7510000000002
2026-01-31 15:00:00,2026-01-31 15:00:00,7614.2179999999998
2026-01-31 16:00:00,2026-01-31 16:00:00,7692.5510000000004
2026-01-31 17:00:00,2026-01-31 17:00:00,7692.5510000000004
2026-01-31 18:00:00,2026-01-31 18:00:00,7909.9840000000004
2026-01-31 19:00:00,2026-01-31 19:00:00,8354.1129999999994
2026-01-31 20:00:00,2026-01-31 20:00:00,8418.2510000000002
2026-01-31 21:00:00,2026-01-31 21:00:00,8383.8230000000003
2026-01-31 22:00:00,2026-01-31 22:00:00,8361.616
2026-01-31 23:00:00,2026-01-31 23:00:00,8400.0239999999994
2026-02-01 00:00:00,2026-02-01 00:00:00,8365.3199999999997
2026-02-01 01:00:00,2026-02-01 01:00:00,8408.8670000000002
2026-02-01 02:00:00,2026-02-01 02:00:00,8435.9740000000002
2026-02-01 03:00:00,2026-02-01 03:00:00,8322.6710000000003
2026-02-01 04:00:00,2026-02-01 04:00:00,8187.6419999999998
2026-02-01 05:00:00,2026-02-01 05:00:00,8107.4210000000003
2026-02-01 06:00:00,2026-02-01 06:00:00,8107.4210000000003
2026-02-01 07:00:00,2026-02-01 07:00:00,8107.4210000000003
2026-02-01 08:00:00,2026-02-01 08:00:00,8107.4210000000003
2026-02-01 09:00:00,2026-02-01 09:00:00,8107.4210000000003
2026-02-01 10:00:00,2026-02-01 10:00:00,8117.1090000000004
2026-02-01 11:00:00,2026-02-01 11:00:00,8123.1310000000003
2026-02-01 12:00:00,2026-02-01 12:00:00,8108.2070000000003
2026-02-01 13:00:00,2026-02-01 13:00:00,8107.4210000000003
2026-02-01 14:00:00,2026-02-01 14:00:00,8107.4210000000003
2026-02-01 15:00:00,2026-02-01 15:00:00,8605.1710000000003
2026-02-01 16:00:00,2026-02-01 16:00:00,8650.4210000000003
2026-02-01 17:00:00,2026-02-01 17:00:00,8650.4210000000003
2026-02-01 18:00:00,2026-02-01 18:00:00,8677.0879999999997
2026-02-01 19:00:00,2026-02-01 19:00:00,8750.0100000000002
2026-02-01 20:00:00,2026-02-01 20:00:00,8868.4369999999999
2026-02-01 21:00:00,2026-02-01 21:00:00,8912.5190000000002
2026-02-01 22:00:00,2026-02-01 22:00:00,8331.2070000000003
2026-02-01 23:00:00,2026-02-01 23:00:00,8199.9130000000005
2026-02-02 00:00:00,2026-02-02 00:00:00,8191.2060000000001
2026-02-02 01:00:00,2026-02-02 01:00:00,8506.2710000000006
2026-02-02 02:00:00,2026-02-02 02:00:00,8725.0720000000001
2026-02-02 03:00:00,2026-02-02 03:00:00,9131.991
2026-02-02 04:00:00,2026-02-02 04:00:00,9672.0509999999995
2026-02-02 05:00:00,2026-02-02 05:00:00,10121.076999999999
2026-02-02 06:00:00,2026-02-02 06:00:00,9297.2369999999992
2026-02-02 07:00:00,2026-02-02 07:00:00,9282.8420000000006
2026-02-02 08:00:00,2026-02-02 08:00:00,9859.3549999999996
2026-02-02 09:00:00,2026-02-02 09:00:00,10087.352000000001
2026-02-02 10:00:00,2026-02-02 10:00:00,10097.684999999999
2026-02-02 11:00:00,2026-02-02 11:00:00,10596.718999999999
2026-02-02 12:00:00,2026-02-02 12:00:00,10457.174999999999
2026-02-02 13:00:00,2026-02-02 13:00:00,10403.219999999999
2026-02-02 14:00:00,2026-02-02 14:00:00,10360.16
2026-02-02 15:00:00,2026-02-02 15:00:00,10400.402
2026-02-02 16:00:00,2026-02-02 16:00:00,10649.424000000001
2026-02-02 17:00:00,2026-02-02 17:00:00,10579.126
2026-02-02 18:00:00,2026-02-02 18:00:00,10550.846
2026-02-02 19:00:00,2026-02-02 19:00:00,10662.717000000001
2026-02-02 20:00:00,2026-02-02 20:00:00,10454.278
2026-02-02 21:00:00,2026-02-02 21:00:00,10318.699000000001
2026-02-02 22:00:00,2026-02-02 22:00:00,10839.022000000001
2026-02-02 23:00:00,2026-02-02 23:00:00,10831.789000000001
2026-02-03 00:00:00,2026-02-03 00:00:00,10786.922
2026-02-03 01:00:00,2026-02-03 01:00:00,10753.132
2026-02-03 02:00:00,2026-02-03 02:00:00,10691.42
2026-02-03 03:00:00,2026-02-03 03:00:00,9914.143
2026-02-03 04:00:00,2026-02-03 04:00:00,9264.5920000000006
2026-02-03 05:00:00,2026-02-03 05:00:00,9187.518
2026-02-03 06:00:00,2026-02-03 06:00:00,9788.4680000000008
2026-02-03 07:00:00,2026-02-03 07:00:00,9790.3019999999997
2026-02-03 08:00:00,2026-02-03 08:00:00,10050.462
2026-02-03 09:00:00,2026-02-03 09:00:00,9755.1090000000004
2026-02-03 10:00:00,2026-02-03 10:00:00,9873.5290000000005
2026-02-03 11:00:00,2026-02-03 11:00:00,9848.3040000000001
2026-02-03 12:00:00,2026-02-03 12:00:00,9705.7999999999993
2026-02-03 13:00:00,2026-02-03 13:00:00,9638.4050000000007
2026-02-03 14:00:00,2026-02-03 14:00:00,9653.4709999999995
2026-02-03 15:00:00,2026-02-03 15:00:00,9619.3349999999991
2026-02-03 16:00:00,2026-02-03 16:00:00,9340.6579999999994
2026-02-03 17:00:00,2026-02-03 17:00:00,9479.0910000000003
2026-02-03 18:00:00,2026-02-03 18:00:00,9803.7870000000003
2026-02-03 19:00:00,2026-02-03 19:00:00,10003.394
2026-02-03 20:00:00,2026-02-03 20:00:00,10137.565000000001
2026-02-03 21:00:00,2026-02-03 21:00:00,10140.110000000001
2026-02-03 22:00:00,2026-02-03 22:00:00,10052.518
2026-02-03 23:00:00,2026-02-03 23:00:00,10230.968999999999
2026-02-04 00:00:00,2026-02-04 00:00:00,9860.5110000000004
2026-02-04 01:00:00,2026-02-04 01:00:00,9998.5280000000002
2026-02-04 02:00:00,2026-02-04 02:00:00,9939.3449999999993
2026-02-04 03:00:00,2026-02-04 03:00:00,9837.9699999999993
2026-02-04 04:00:00,2026-02-04 04:00:00,9808.4590000000007
2026-02-04 05:00:00,2026-02-04 05:00:00,9786.3289999999997
2026-02-04 06:00:00,2026-02-04 06:00:00,9417.4879999999994
2026-02-04 07:00:00,2026-02-04 07:00:00,8933.9539999999997
2026-02-04 08:00:00,2026-02-04 08:00:00,8833.0740000000005
2026-02-04 09:00:00,2026-02-04 09:00:00,8846.6689999999999
2026-02-04 10:00:00,2026-02-04 10:00:00,8926.2690000000002
2026-02-04 11:00:00,2026-02-04 11:00:00,8975.7620000000006
2026-02-04 12:00:00,2026-02-04 12:00:00,8723.5599999999995
2026-02-04 13:00:00,2026-02-04 13:00:00,8716.5139999999992
2026-02-04 14:00:00,2026-02-04 14:00:00,8752.0049999999992
2026-02-04 15:00:00,2026-02-04 15:00:00,8955.1540000000005
2026-02-04 16:00:00,2026-02-04 16:00:00,9446.5130000000008
2026-02-04 17:00:00,2026-02-04 17:00:00,9413.5370000000003
2026-02-04 18:00:00,2026-02-04 18:00:00,9558.7700000000004
2026-02-04 19:00:00,2026-02-04 19:00:00,9855.8760000000002
2026-02-04 20:00:00,2026-02-04 20:00:00,9995.2870000000003
2026-02-04 21:00:00,2026-02-04 21:00:00,10070.791999999999
2026-02-04 22:00:00,2026-02-04 22:00:00,10764.575000000001
2026-02-04 23:00:00,2026-02-04 23:00:00,10975.974
2026-02-05 00:00:00,2026-02-05 00:00:00,10914.331
2026-02-05 01:00:00,2026-02-05 01:00:00,10637.873
2026-02-05 02:00:00,2026-02-05 02:00:00,10489.85
2026-02-05 03:00:00,2026-02-05 03:00:00,10466.663
2026-02-05 04:00:00,2026-02-05 04:00:00,10504.843000000001
2026-02-05 05:00:00,2026-02-05 05:00:00,10338.699000000001
2026-02-05 06:00:00,2026-02-05 06:00:00,10107.281999999999
2026-02-05 07:00:00,2026-02-05 07:00:00,9967.8169999999991
2026-02-05 08:00:00,2026-02-05 08:00:00,9851.3019999999997
2026-02-05 09:00:00,2026-02-05 09:00:00,9815.8080000000009
2026-02-05 10:00:00,2026-02-05 10:00:00,9867.1409999999996
2026-02-05 11:00:00,2026-02-05 11:00:00,9787.8580000000002
2026-02-05 12:00:00,2026-02-05 12:00:00,9331.4869999999992
2026-02-05 13:00:00,2026-02-05 13:00:00,9762.0609999999997
2026-02-05 14:00:00,2026-02-05 14:00:00,10305.797
2026-02-05 15:00:00,2026-02-05 15:00:00,10727.914000000001
2026-02-05 16:00:00,2026-02-05 16:00:00,10597.578
2026-02-05 17:00:00,2026-02-05 17:00:00,10330.627
2026-02-05 18:00:00,2026-02-05 18:00:00,10225.597
2026-02-05 19:00:00,2026-02-05 19:00:00,10266.831
2026-02-05 20:00:00,2026-02-05 20:00:00,10250.182000000001
2026-02-05 21:00:00,2026-02-05 21:00:00,10264.579
2026-02-05 22:00:00,2026-02-05 22:00:00,10382.944
2026-02-05 23:00:00,2026-02-05 23:00:00,10744.259
2026-02-06 00:00:00,2026-02-06 00:00:00,10931.973
2026-02-06 01:00:00,2026-02-06 01:00:00,10939.257
2026-02-06 02:00:00,2026-02-06 02:00:00,11089.269
2026-02-06 03:00:00,2026-02-06 03:00:00,10585.816000000001
2026-02-06 04:00:00,2026-02-06 04:00:00,9895.4760000000006
2026-02-06 05:00:00,2026-02-06 05:00:00,9951.8739999999998
2026-02-06 06:00:00,2026-02-06 06:00:00,9874.7669999999998
2026-02-06 07:00:00,2026-02-06 07:00:00,9704.4079999999994
2026-02-06 08:00:00,2026-02-06 08:00:00,9731.2039999999997
2026-02-06 09:00:00,2026-02-06 09:00:00,9740.3150000000005
2026-02-06 10:00:00,2026-02-06 10:00:00,9652.5040000000008
2026-02-06 11:00:00,2026-02-06 11:00:00,9864.4220000000005
2026-02-06 12:00:00,2026-02-06 12:00:00,10004.724
2026-02-06 13:00:00,2026-02-06 13:00:00,10332.544
2026-02-06 14:00:00,2026-02-06 14:00:00,10339.308000000001
2026-02-06 15:00:00,2026-02-06 15:00:00,10524.197
2026-02-06 16:00:00,2026-02-06 16:00:00,10429.864
2026-02-06 17:00:00,2026-02-06 17:00:00,9712.0669999999991
2026-02-06 18:00:00,2026-02-06 18:00:00,9155.4230000000007
2026-02-06 19:00:00,2026-02-06 19:00:00,9014.5519999999997
2026-02-06 20:00:00,2026-02-06 20:00:00,9491.4439999999995
2026-02-06 21:00:00,2026-02-06 21:00:00,9536.3469999999998
2026-02-06 22:00:00,2026-02-06 22:00:00,9394.6560000000009
2026-02-06 23:00:00,2026-02-06 23:00:00,9080.0990000000002
2026-02-07 00:00:00,2026-02-07 00:00:00,8927.4120000000003
2026-02-07 01:00:00,2026-02-07 01:00:00,8907.3189999999995
2026-02-07 02:00:00,2026-02-07 02:00:00,8818.0640000000003
2026-02-07 03:00:00,2026-02-07 03:00:00,8726.8819999999996
2026-02-07 04:00:00,2026-02-07 04:00:00,9142.9439999999995
2026-02-07 05:00:00,2026-02-07 05:00:00,8995.1740000000009
2026-02-07 06:00:00,2026-02-07 06:00:00,9003.4459999999999
2026-02-07 07:00:00,2026-02-07 07:00:00,9047.6550000000007
2026-02-07 08:00:00,2026-02-07 08:00:00,9108.6029999999992
2026-02-07 09:00:00,2026-02-07 09:00:00,9114.2029999999995
2026-02-07 10:00:00,2026-02-07 10:00:00,9002.9979999999996
2026-02-07 11:00:00,2026-02-07 11:00:00,9122.848
2026-02-07 12:00:00,2026-02-07 12:00:00,9125.6479999999992
2026-02-07 13:00:00,2026-02-07 13:00:00,9121.3850000000002
2026-02-07 14:00:00,2026-02-07 14:00:00,9128.0679999999993
2026-02-07 15:00:00,2026-02-07 15:00:00,9055.875
2026-02-07 16:00:00,2026-02-07 16:00:00,9052.6779999999999
2026-02-07 17:00:00,2026-02-07 17:00:00,9310.3449999999993
2026-02-07 18:00:00,2026-02-07 18:00:00,9617.6779999999999
2026-02-07 19:00:00,2026-02-07 19:00:00,9757.9779999999992
2026-02-07 20:00:00,2026-02-07 20:00:00,10167.477999999999
2026-02-07 21:00:00,2026-02-07 21:00:00,10193.678
2026-02-07 22:00:00,2026-02-07 22:00:00,10220.528
2026-02-07 23:00:00,2026-02-07 23:00:00,10292.865
2026-02-08 00:00:00,2026-02-08 00:00:00,10186.748
2026-02-08 01:00:00,2026-02-08 01:00:00,10172.68
2026-02-08 02:00:00,2026-02-08 02:00:00,10457.657999999999
2026-02-08 03:00:00,2026-02-08 03:00:00,10524.026
2026-02-08 04:00:00,2026-02-08 04:00:00,10495.621999999999
2026-02-08 05:00:00,2026-02-08 05:00:00,10462.272000000001
2026-02-08 06:00:00,2026-02-08 06:00:00,10890.545
2026-02-08 07:00:00,2026-02-08 07:00:00,11013.74
2026-02-08 08:00:00,2026-02-08 08:00:00,10993.264999999999
2026-02-08 09:00:00,2026-02-08 09:00:00,10815.432000000001
2026-02-08 10:00:00,2026-02-08 10:00:00,10625.432000000001
2026-02-08 11:00:00,2026-02-08 11:00:00,10644.903
2026-02-08 12:00:00,2026-02-08 12:00:00,10779.472
2026-02-08 13:00:00,2026-02-08 13:00:00,10944.281999999999
2026-02-08 14:00:00,2026-02-08 14:00:00,10963.912
2026-02-08 15:00:00,2026-02-08 15:00:00,10963.912
2026-02-08 16:00:00,2026-02-08 16:00:00,11106.041999999999
2026-02-08 17:00:00,2026-02-08 17:00:00,11161.722
2026-02-08 18:00:00,2026-02-08 18:00:00,10849.608
2026-02-08 19:00:00,2026-02-08 19:00:00,10942.472
2026-02-08 20:00:00,2026-02-08 20:00:00,10986.932000000001
2026-02-08 21:00:00,2026-02-08 21:00:00,10974.771000000001
2026-02-08 22:00:00,2026-02-08 22:00:00,10919.168
2026-02-08 23:00:00,2026-02-08 23:00:00,11098.206
2026-02-09 00:00:00,2026-02-09 00:00:00,11036.9
2026-02-09 01:00:00,2026-02-09 01:00:00,10987.064
2026-02-09 02:00:00,2026-02-09 02:00:00,11223.744000000001
2026-02-09 03:00:00,2026-02-09 03:00:00,11233.284
2026-02-09 04:00:00,2026-02-09 04:00:00,10527.210999999999
2026-02-09 05:00:00,2026-02-09 05:00:00,10552.166999999999
2026-02-09 06:00:00,2026-02-09 06:00:00,10538.084000000001
2026-02-09 07:00:00,2026-02-09 07:00:00,10536.811
2026-02-09 08:00:00,2026-02-09 08:00:00,10538.389999999999
2026-02-09 09:00:00,2026-02-09 09:00:00,10380.757
2026-02-09 10:00:00,2026-02-09 10:00:00,10335.09
2026-02-09 11:00:00,2026-02-09 11:00:00,10340.784
2026-02-09 12:00:00,2026-02-09 12:00:00,10487.316999999999
2026-02-09 13:00:00,2026-02-09 13:00:00,10561.41
2026-02-09 14:00:00,2026-02-09 14:00:00,10692.888999999999
2026-02-09 15:00:00,2026-02-09 15:00:00,10993.687
2026-02-09 16:00:00,2026-02-09 16:00:00,11055.484
2026-02-09 17:00:00,2026-02-09 17:00:00,10458.861000000001
2026-02-09 18:00:00,2026-02-09 18:00:00,10398.558999999999
2026-02-09 19:00:00,2026-02-09 19:00:00,10381.925999999999
2026-02-09 20:00:00,2026-02-09 20:00:00,10516.043
2026-02-09 21:00:00,2026-02-09 21:00:00,10379.816000000001
2026-02-09 22:00:00,2026-02-09 22:00:00,11011.213
2026-02-09 23:00:00,2026-02-09 23:00:00,11106.445
