Date,Eskom OCGT Generation,Eskom Gas Generation,Dispatchable IPP OCGT,Manual Load Reduction(MLR),Palmiet Gen Unit Hours,Ingula Gen Unit Hours,Drakensberg Gen Unit Hours,Palmiet Max Hours,Ingula Max Hours,Drakensberg Max Hours,Palmiet Min Hours,Ingula Min Hours,Drakensberg Min Hours
2026-01-26 00:00:00,0,0,0.14799999999999999,0,46.799999999999997,35.590000000000003,85,58.7,67,102,8,12,12
2026-01-26 01:00:00,0,0,0.17199999999999999,0,47.200000000000003,36.799999999999997,86.200000000000003,58.7,67,102,8,12,12
2026-01-26 02:00:00,0,0,0.157,0,48,38.43,87.400000000000006,58.7,67,102,8,12,12
2026-01-26 03:00:00,0,0,0.01,0,49.600000000000001,39.979999999999997,88.599999999999994,58.7,67,102,8,12,12
2026-01-26 04:00:00,0,0,6.7000000000000004E-2,0,50.799999999999997,41.210000000000001,90,58.7,67,102,8,12,12
2026-01-26 05:00:00,24.016999999999999,0,142.761,0,50,40.329999999999998,89.700000000000003,58.7,67,102,8,12,12
2026-01-26 06:00:00,258.97899999999998,0,149.16,0,48,36.920000000000002,87.400000000000006,58.7,67,102,8,12,12
2026-01-26 07:00:00,2.1659999999999999,0,149.78899999999999,0,46.799999999999997,34.299999999999997,86.200000000000003,58.7,67,102,8,12,12
2026-01-26 08:00:00,0,0,150.65700000000001,0,46,34.299999999999997,85.400000000000006,58.7,67,102,8,12,12
2026-01-26 09:00:00,0,0,149.16200000000001,0,45.600000000000001,34.359999999999999,85,58.7,67,102,8,12,12
2026-01-26 10:00:00,0,0,150.92500000000001,0,45.600000000000001,34.299999999999997,84.599999999999994,58.7,67,102,8,12,12
2026-01-26 11:00:00,0,0,150.89699999999999,0,45.600000000000001,34.909999999999997,85,58.7,67,102,8,12,12
2026-01-26 12:00:00,0,0,151.244,0,46,36.560000000000002,86.200000000000003,58.7,67,102,8,12,12
2026-01-26 13:00:00,0,0,151.214,0,47.200000000000003,37.710000000000001,87.400000000000006,58.7,67,102,8,12,12
2026-01-26 14:00:00,0,0,150.47999999999999,0,47.600000000000001,38.609999999999999,88.599999999999994,58.7,67,102,8,12,12
2026-01-26 15:00:00,0,0,149.77500000000001,0,48,38.789999999999999,89.700000000000003,58.7,67,102,8,12,12
2026-01-26 16:00:00,0,0,149.40100000000001,0,48,38.789999999999999,89.400000000000006,58.7,67,102,8,12,12
2026-01-26 17:00:00,0,0,148.785,0,47.600000000000001,38.789999999999999,88.599999999999994,58.7,67,102,8,12,12
2026-01-26 18:00:00,0,0,148.79499999999999,0,46.799999999999997,37.829999999999998,87.400000000000006,58.7,67,102,8,12,12
2026-01-26 19:00:00,0,0,148.85300000000001,0,46,36.079999999999998,86.200000000000003,58.7,67,102,8,12,12
2026-01-26 20:00:00,0,0,149.05099999999999,0,43.700000000000003,33.25,83.799999999999997,58.7,67,102,8,12,12
2026-01-26 21:00:00,0,0,80.769999999999996,0,42.5,31,82.200000000000003,58.7,67,102,8,12,12
2026-01-26 22:00:00,0,0,5.2999999999999999E-2,0,40.899999999999999,29.43,81.400000000000006,58.7,67,102,8,12,12
2026-01-26 23:00:00,0,0,2.9000000000000001E-2,0,40.899999999999999,29.109999999999999,81.400000000000006,58.7,67,102,8,12,12
2026-01-27 00:00:00,0,0,4.3999999999999997E-2,0,41.700000000000003,30.309999999999999,82.200000000000003,58.7,67,102,8,12,12
2026-01-27 01:00:00,0,0,1.4999999999999999E-2,0,42,32.259999999999998,82.599999999999994,58.7,67,102,8,12,12
2026-01-27 02:00:00,0,0,2.5000000000000001E-2,0,43.700000000000003,34.789999999999999,84.200000000000003,58.7,67,102,8,12,12
2026-01-27 03:00:00,0,0,0.039,0,45.600000000000001,37.109999999999999,86.200000000000003,58.7,67,102,8,12,12
2026-01-27 04:00:00,0,0,0.062,0,46.799999999999997,39.030000000000001,87.799999999999997,58.7,67,102,8,12,12
2026-01-27 05:00:00,0,0,142.738,0,47.600000000000001,40.149999999999999,88.200000000000003,58.7,67,102,8,12,12
2026-01-27 06:00:00,0,0,149.20400000000001,0,46.799999999999997,38.07,87.400000000000006,58.7,67,102,8,12,12
2026-01-27 07:00:00,0,0,149.001,0,44,35.890000000000001,85.400000000000006,58.7,67,102,8,12,12
2026-01-27 08:00:00,0,0,149.928,0,44,35.890000000000001,85.400000000000006,58.7,67,102,8,12,12
2026-01-27 09:00:00,0,0,151.15700000000001,0,44,35.890000000000001,85.799999999999997,58.7,67,102,8,12,12
2026-01-27 10:00:00,0,0,150.345,0,44,35.890000000000001,85.799999999999997,58.7,67,102,8,12,12
2026-01-27 11:00:00,0,0,151.161,0,45.600000000000001,35.890000000000001,85.799999999999997,58.7,67,102,8,12,12
2026-01-27 12:00:00,0,0,151.06100000000001,0,45.600000000000001,36.740000000000002,86.200000000000003,58.7,67,102,8,12,12
2026-01-27 13:00:00,0,0,151.30099999999999,0,45.600000000000001,37.590000000000003,86.200000000000003,58.7,67,102,8,12,12
2026-01-27 14:00:00,0,0,151.24000000000001,0,45.600000000000001,38.310000000000002,86.200000000000003,58.7,67,102,8,12,12
2026-01-27 15:00:00,0,0,151.25899999999999,0,46.799999999999997,38.670000000000002,87,58.7,67,102,8,12,12
2026-01-27 16:00:00,0,0,151.23400000000001,0,46,38.43,87,58.7,67,102,8,12,12
2026-01-27 17:00:00,0,0,151.08000000000001,0,45.600000000000001,37.649999999999999,86.200000000000003,58.7,67,102,8,12,12
2026-01-27 18:00:00,0,0,149.62100000000001,0,44.799999999999997,36.740000000000002,86.200000000000003,58.7,67,102,8,12,12
2026-01-27 19:00:00,0,0,148.77600000000001,0,44,35.950000000000003,85.400000000000006,58.7,67,102,8,12,12
2026-01-27 20:00:00,0,0,149.00800000000001,0,43.299999999999997,34.670000000000002,84.200000000000003,58.7,67,102,8,12,12
2026-01-27 21:00:00,0,0,80.780000000000001,0,42.5,33.369999999999997,82.599999999999994,58.7,67,102,8,12,12
2026-01-27 22:00:00,0,0,0.115,0,41.700000000000003,32.82,82.200000000000003,58.7,67,102,8,12,12
2026-01-27 23:00:00,0,0,0.13600000000000001,0,42,33.68,83,58.7,67,102,8,12,12
2026-01-28 00:00:00,0,0,0.10100000000000001,0,42.5,35.340000000000003,84.200000000000003,58.7,67,102,8,12,12
2026-01-28 01:00:00,0,0,3.3000000000000002E-2,0,43.299999999999997,36.799999999999997,85.400000000000006,58.7,67,102,8,12,12
2026-01-28 02:00:00,0,0,4.8000000000000001E-2,0,44,38.850000000000001,87.400000000000006,58.7,67,102,8,12,12
2026-01-28 03:00:00,0,0,0.02,0,44.799999999999997,41.270000000000003,88.200000000000003,58.7,67,102,8,12,12
2026-01-28 04:00:00,0,0,2.9000000000000001E-2,0,46,43.359999999999999,89.400000000000006,58.7,67,102,8,12,12
2026-01-28 05:00:00,0,0,142.69800000000001,0,46,43.990000000000002,89.700000000000003,58.7,67,102,8,12,12
2026-01-28 06:00:00,0,0,149.16499999999999,0,45.600000000000001,41.969999999999999,88.200000000000003,58.7,67,102,8,12,12
2026-01-28 07:00:00,0,0,149.583,0,43.299999999999997,39.740000000000002,87.400000000000006,58.7,67,102,8,12,12
2026-01-28 08:00:00,0,0,151.137,0,42,38.969999999999999,87.400000000000006,58.7,67,102,8,12,12
2026-01-28 09:00:00,0,0,150.922,0,40.899999999999999,38.130000000000003,87.400000000000006,58.7,67,102,8,12,12
2026-01-28 10:00:00,0,0,151.166,0,39.700000000000003,37.109999999999999,87.400000000000006,58.7,67,102,8,12,12
2026-01-28 11:00:00,0,0,151.27600000000001,0,39.700000000000003,36.380000000000003,87.400000000000006,58.7,67,102,8,12,12
2026-01-28 12:00:00,0,0,151.22999999999999,0,39.700000000000003,35.530000000000001,86.200000000000003,58.7,67,102,8,12,12
2026-01-28 13:00:00,0,0,151.20599999999999,0,38.899999999999999,34.490000000000002,85,58.7,67,102,8,12,12
2026-01-28 14:00:00,0,0,151.22499999999999,0,38.100000000000001,32.32,82.599999999999994,58.7,67,102,8,12,12
2026-01-28 15:00:00,0,0,151.24799999999999,0,37.700000000000003,31.190000000000001,80.200000000000003,58.7,67,102,8,12,12
2026-01-28 16:00:00,0,0,151.21000000000001,0,35.700000000000003,28.789999999999999,78.599999999999994,58.7,67,102,8,12,12
2026-01-28 17:00:00,0,0,151.24000000000001,0,35.5,26.48,76.599999999999994,58.7,67,102,8,12,12
2026-01-28 18:00:00,0,0,150.04300000000001,0,38.100000000000001,24.27,75,58.7,67,102,8,12,12
2026-01-28 19:00:00,0,0,148.78700000000001,0,35.5,24.399999999999999,74.599999999999994,58.7,67,102,8,12,12
2026-01-28 20:00:00,0,0,148.983,0,34.100000000000001,23.219999999999999,73.400000000000006,58.7,67,102,8,12,12
2026-01-28 21:00:00,0,0,80.789000000000001,0,32.899999999999999,21.620000000000001,72.200000000000003,58.7,67,102,8,12,12
2026-01-28 22:00:00,0,0,0.11899999999999999,0,32.5,21.559999999999999,71.799999999999997,58.7,67,102,8,12,12
2026-01-28 23:00:00,0,0,7.2999999999999995E-2,0,32.5,22.82,72.200000000000003,58.7,67,102,8,12,12
2026-01-29 00:00:00,0,0,5.7000000000000002E-2,0,33.700000000000003,24.989999999999998,73.400000000000006,58.7,67,102,8,12,12
2026-01-29 01:00:00,0,0,4.2999999999999997E-2,0,35.5,27.25,75,58.7,67,102,8,12,12
2026-01-29 02:00:00,0,0,6.7000000000000004E-2,0,36.899999999999999,30.370000000000001,76.599999999999994,58.7,67,102,8,12,12
2026-01-29 03:00:00,0,0,7.1999999999999995E-2,0,38.5,33.560000000000002,78.200000000000003,58.7,67,102,8,12,12
2026-01-29 04:00:00,0,0,0.153,0,40.299999999999997,36.68,79.799999999999997,58.7,67,102,8,12,12
2026-01-29 05:00:00,0,0,142.75700000000001,0,41.700000000000003,38.969999999999999,81.400000000000006,58.7,67,102,8,12,12
2026-01-29 06:00:00,0,0,149.185,0,41.700000000000003,39.32,81.400000000000006,58.7,67,102,8,12,12
2026-01-29 07:00:00,0,0,150.00899999999999,0,41.700000000000003,38.549999999999997,81,58.7,67,102,8,12,12
2026-01-29 08:00:00,0,0,149.89400000000001,0,41.700000000000003,39.5,81.400000000000006,58.7,67,102,8,12,12
2026-01-29 09:00:00,0,0,150.54499999999999,0,41.700000000000003,39.439999999999998,82.200000000000003,58.7,67,102,8,12,12
2026-01-29 10:00:00,0,0,150.93799999999999,0,41.700000000000003,38.850000000000001,82.200000000000003,58.7,67,102,8,12,12
2026-01-29 11:00:00,0,0,151.565,0,41.700000000000003,38.850000000000001,82.200000000000003,58.7,67,102,8,12,12
2026-01-29 12:00:00,0,0,151.584,0,42,38.850000000000001,82.599999999999994,58.7,67,102,8,12,12
2026-01-29 13:00:00,0,0,151.52099999999999,0,43.299999999999997,39.560000000000002,84.200000000000003,58.7,67,102,8,12,12
2026-01-29 14:00:00,0,0,151.541,0,43.700000000000003,40.329999999999998,85.799999999999997,58.7,67,102,8,12,12
2026-01-29 15:00:00,0,0,151.49700000000001,0,44.799999999999997,41.039999999999999,87.400000000000006,58.7,67,102,8,12,12
2026-01-29 16:00:00,0,0,151.50200000000001,0,45.600000000000001,41.859999999999999,89,58.7,67,102,8,12,12
2026-01-29 17:00:00,0,0,151.47399999999999,0,46,42.259999999999998,90,58.7,67,102,8,12,12
2026-01-29 18:00:00,0,0,150.197,0,46,42.259999999999998,90,58.7,67,102,8,12,12
2026-01-29 19:00:00,0,0,148.732,0,46,42.380000000000003,90,58.7,67,102,8,12,12
2026-01-29 20:00:00,0,0,148.98699999999999,0,45.600000000000001,41.270000000000003,88.599999999999994,58.7,67,102,8,12,12
2026-01-29 21:00:00,0,0,80.774000000000001,0,44,39.619999999999997,87.400000000000006,58.7,67,102,8,12,12
2026-01-29 22:00:00,0,0,9.0999999999999998E-2,0,42.5,38.43,86.200000000000003,58.7,67,102,8,12,12
2026-01-29 23:00:00,0,0,2.9999999999999999E-2,0,42.5,37.649999999999999,85.400000000000006,58.7,67,102,8,12,12
2026-01-30 00:00:00,0,0,3.4000000000000002E-2,0,43.299999999999997,36.920000000000002,86.400000000000006,58.7,67,102,8,12,12
2026-01-30 01:00:00,0,0,1.4999999999999999E-2,0,44,38.130000000000003,87.400000000000006,58.7,67,102,8,12,12
2026-01-30 02:00:00,0,0,2.9000000000000001E-2,0,46,40.149999999999999,89.700000000000003,58.7,67,102,8,12,12
2026-01-30 03:00:00,0,0,5.8999999999999997E-2,0,47.200000000000003,42.5,90.599999999999994,58.7,67,102,8,12,12
2026-01-30 04:00:00,0,0,6.6000000000000003E-2,0,48.799999999999997,44.450000000000003,91.5,58.7,67,102,8,12,12
2026-01-30 05:00:00,0,0,142.74000000000001,0,49.600000000000001,45.020000000000003,91.200000000000003,58.7,67,102,8,12,12
2026-01-30 06:00:00,0,0,149.184,0,48.799999999999997,42.259999999999998,90,58.7,67,102,8,12,12
2026-01-30 07:00:00,0,0,149.99600000000001,0,47.600000000000001,40.039999999999999,89,58.7,67,102,8,12,12
2026-01-30 08:00:00,0,0,151.50299999999999,0,47.200000000000003,39.030000000000001,88.200000000000003,58.7,67,102,8,12,12
2026-01-30 09:00:00,0,0,151.52099999999999,0,46,38.310000000000002,87.400000000000006,58.7,67,102,8,12,12
2026-01-30 10:00:00,0,0,151.55500000000001,0,44,37.049999999999997,87.400000000000006,58.7,67,102,8,12,12
2026-01-30 11:00:00,0,0,151.56899999999999,0,43.700000000000003,35.399999999999999,86.599999999999994,58.7,67,102,8,12,12
2026-01-30 12:00:00,0,0,151.53100000000001,0,43.700000000000003,34.670000000000002,85.799999999999997,58.7,67,102,8,12,12
2026-01-30 13:00:00,0,0,151.51599999999999,0,42.5,33.869999999999997,85,58.7,67,102,8,12,12
2026-01-30 14:00:00,0,0,151.53100000000001,0,41.700000000000003,33.130000000000003,84.599999999999994,58.7,67,102,8,12,12
2026-01-30 15:00:00,0,0,151.488,0,40.899999999999999,32.57,84.200000000000003,58.7,67,102,8,12,12
2026-01-30 16:00:00,0,0,150.90700000000001,0,40.899999999999999,32.57,83.799999999999997,58.7,67,102,8,12,12
2026-01-30 17:00:00,0,0,149.29499999999999,0,40.899999999999999,32.75,83.799999999999997,58.7,67,102,8,12,12
2026-01-30 18:00:00,0,0,149.24199999999999,0,40.899999999999999,32.939999999999998,83.799999999999997,58.7,67,102,8,12,12
2026-01-30 19:00:00,0,0,148.84399999999999,0,40.899999999999999,33.130000000000003,83.799999999999997,58.7,67,102,8,12,12
2026-01-30 20:00:00,0,0,148.97800000000001,0,40.299999999999997,31.57,82.599999999999994,58.7,67,102,8,12,12
2026-01-30 21:00:00,0,0,80.789000000000001,0,38.5,30.120000000000001,81,58.7,67,102,8,12,12
2026-01-30 22:00:00,0,0,7.6999999999999999E-2,0,36.899999999999999,28.789999999999999,80.200000000000003,58.7,67,102,8,12,12
2026-01-30 23:00:00,0,0,9.7000000000000003E-2,0,36.100000000000001,27.899999999999999,79.799999999999997,58.7,67,102,8,12,12
2026-01-31 00:00:00,0,0,0.124,0,36.100000000000001,27.960000000000001,80.200000000000003,58.7,67,102,8,12,12
2026-01-31 01:00:00,0,0,5.8000000000000003E-2,0,37.700000000000003,28.73,80.599999999999994,58.7,67,102,8,12,12
2026-01-31 02:00:00,0,0,0.02,0,38.5,29.809999999999999,81.400000000000006,58.7,67,102,8,12,12
2026-01-31 03:00:00,0,0,8.5999999999999993E-2,0,40.299999999999997,31.82,83,58.7,67,102,8,12,12
2026-01-31 04:00:00,0,0,2.9000000000000001E-2,0,42,34.299999999999997,85,58.7,67,102,8,12,12
2026-01-31 05:00:00,0,0,142.77699999999999,0,43.700000000000003,35.770000000000003,86.599999999999994,58.7,67,102,8,12,12
2026-01-31 06:00:00,0,0,149.203,0,44.799999999999997,37.289999999999999,88.200000000000003,58.7,67,102,8,12,12
2026-01-31 07:00:00,0,0,150.077,0,46,38.369999999999997,90,58.7,67,102,8,12,12
2026-01-31 08:00:00,0,0,151.46600000000001,0,47.200000000000003,40.039999999999999,90.299999999999997,58.7,67,102,8,12,12
2026-01-31 09:00:00,0,0,151.41499999999999,0,47.600000000000001,40.859999999999999,90.299999999999997,58.7,67,102,8,12,12
2026-01-31 10:00:00,0,0,151.339,0,47.600000000000001,40.859999999999999,90.299999999999997,58.7,67,102,8,12,12
2026-01-31 11:00:00,0,0,151.578,0,48.799999999999997,41.450000000000003,90.299999999999997,58.7,67,102,8,12,12
2026-01-31 12:00:00,0,0,151.55099999999999,0,49.600000000000001,42.32,90.299999999999997,58.7,67,102,8,12,12
2026-01-31 13:00:00,0,0,151.53100000000001,0,51.200000000000003,43.539999999999999,90.799999999999997,58.7,67,102,8,12,12
2026-01-31 14:00:00,0,0,151.52099999999999,0,52,45.130000000000003,91.200000000000003,58.7,67,102,8,12,12
2026-01-31 15:00:00,0,0,151.53899999999999,0,52.799999999999997,46.310000000000002,91.799999999999997,58.7,67,102,8,12,12
2026-01-31 16:00:00,0,0,151.267,0,53.200000000000003,47.539999999999999,92.700000000000003,58.7,67,102,8,12,12
2026-01-31 17:00:00,0,0,151.124,0,53.200000000000003,47.869999999999997,92.700000000000003,58.7,67,102,8,12,12
2026-01-31 18:00:00,0,0,149.655,0,52.799999999999997,47.539999999999999,92.099999999999994,58.7,67,102,8,12,12
2026-01-31 19:00:00,0,0,148.732,0,50.799999999999997,45.920000000000002,90.799999999999997,58.7,67,102,8,12,12
2026-01-31 20:00:00,0,0,148.977,0,49.600000000000001,44.390000000000001,90,58.7,67,102,8,12,12
2026-01-31 21:00:00,0,0,80.745999999999995,0,48,42.670000000000002,88.200000000000003,58.7,67,102,8,12,12
2026-01-31 22:00:00,0,0,0.13,0,47.200000000000003,40.630000000000003,86.200000000000003,58.7,67,102,8,12,12
2026-01-31 23:00:00,0,0,0.14899999999999999,0,46,38.850000000000001,85,58.7,67,102,8,12,12
2026-02-01 00:00:00,0,0,0.062,0,46,39.030000000000001,85,58.7,67,102,8,12,12
2026-02-01 01:00:00,0,0,4.9000000000000002E-2,0,47.200000000000003,40.630000000000003,86.200000000000003,58.7,67,102,8,12,12
2026-02-01 02:00:00,0,0,2.8000000000000001E-2,0,48.799999999999997,42.5,87.799999999999997,58.7,67,102,8,12,12
2026-02-01 03:00:00,0,0,2.9000000000000001E-2,0,50.799999999999997,44.740000000000002,89.700000000000003,58.7,67,102,8,12,12
2026-02-01 04:00:00,0,0,4.8000000000000001E-2,0,52.799999999999997,46.93,90.799999999999997,58.7,67,102,8,12,12
2026-02-01 05:00:00,0,0,142.49299999999999,0,53.600000000000001,47.920000000000002,92.400000000000006,58.7,67,102,8,12,12
2026-02-01 06:00:00,0,0,149.16,0,55.200000000000003,48.740000000000002,93.299999999999997,58.7,67,102,8,12,12
2026-02-01 07:00:00,0,0,150.06299999999999,0,55.200000000000003,49.560000000000002,93.299999999999997,58.7,67,102,8,12,12
2026-02-01 08:00:00,0,0,151.49799999999999,0,55.200000000000003,49.719999999999999,93.299999999999997,58.7,67,102,8,12,12
2026-02-01 09:00:00,0,0,151.506,0,55.200000000000003,49.719999999999999,93,58.7,67,102,8,12,12
2026-02-01 10:00:00,0,0,151.536,0,55.200000000000003,49.609999999999999,93,58.7,67,102,8,12,12
2026-02-01 11:00:00,0,0,151.55500000000001,0,54.399999999999999,49.609999999999999,93,58.7,67,102,8,12,12
2026-02-01 12:00:00,0,0,151.56399999999999,0,53.600000000000001,49.560000000000002,93,58.7,67,102,8,12,12
2026-02-01 13:00:00,0,0,151.541,0,53.600000000000001,49.560000000000002,93,58.7,67,102,8,12,12
2026-02-01 14:00:00,0,0,151.52099999999999,0,53.600000000000001,49.560000000000002,93.299999999999997,58.7,67,102,8,12,12
2026-02-01 15:00:00,0,0,151.53100000000001,0,53.600000000000001,49.880000000000003,93.299999999999997,58.7,67,102,8,12,12
2026-02-01 16:00:00,0,0,151.52199999999999,0,52.799999999999997,49.395000000000003,93,58.7,67,102,8,12,12
2026-02-01 17:00:00,0,0,151.54599999999999,0,51.200000000000003,48.909999999999997,92.099999999999994,58.7,67,102,8,12,12
2026-02-01 18:00:00,0,0,150.239,0,50,47.649999999999999,90.799999999999997,58.7,67,102,8,12,12
2026-02-01 19:00:00,0,0,148.69,0,48,45.810000000000002,89.700000000000003,58.7,67,102,8,12,12
2026-02-01 20:00:00,0,0,148.99700000000001,0,46.799999999999997,43.130000000000003,86.599999999999994,58.7,67,102,8,12,12
2026-02-01 21:00:00,0,0,80.796999999999997,0,44.799999999999997,40.740000000000002,85,58.7,67,102,8,12,12
2026-02-01 22:00:00,0,0,0.14899999999999999,0,44,38.729999999999997,84.599999999999994,58.7,67,102,8,12,12
2026-02-01 23:00:00,0,0,2.9000000000000001E-2,0,44.799999999999997,39.149999999999999,85,58.7,67,102,8,12,12
2026-02-02 00:00:00,0,0,0.158,0,45.600000000000001,40.630000000000003,86.200000000000003,58.7,67,102,8,12,12
2026-02-02 01:00:00,0,0,8.5999999999999993E-2,0,46.799999999999997,41.509999999999998,87.400000000000006,58.7,67,102,8,12,12
2026-02-02 02:00:00,0,0,6.4000000000000001E-2,0,47.200000000000003,42.32,88.599999999999994,58.7,67,102,8,12,12
2026-02-02 03:00:00,0,0,5.2999999999999999E-2,0,48,43.07,90,58.7,67,102,8,12,12
2026-02-02 04:00:00,0,0,6.8000000000000005E-2,0,48.799999999999997,43.939999999999998,90.299999999999997,58.7,67,102,8,12,12
2026-02-02 05:00:00,0,0,142.70400000000001,0,48.799999999999997,44.450000000000003,90.599999999999994,58.7,67,102,8,12,12
2026-02-02 06:00:00,0,0,149.21799999999999,0,47.600000000000001,42.609999999999999,89,58.7,67,102,8,12,12
2026-02-02 07:00:00,0,0,150.15299999999999,0,46,40.329999999999998,87.400000000000006,58.7,67,102,8,12,12
2026-02-02 08:00:00,0,0,151.512,0,46,40.270000000000003,86.599999999999994,58.7,67,102,8,12,12
2026-02-02 09:00:00,0,0,151.506,0,46.799999999999997,40.149999999999999,87.400000000000006,58.7,67,102,8,12,12
2026-02-02 10:00:00,0,0,151.53100000000001,0,46.799999999999997,40.149999999999999,87.799999999999997,58.7,67,102,8,12,12
2026-02-02 11:00:00,0,0,151.584,0,47.200000000000003,40.210000000000001,88.599999999999994,58.7,67,102,8,12,12
2026-02-02 12:00:00,0,0,151.53200000000001,0,47.600000000000001,40.210000000000001,88.599999999999994,58.7,67,102,8,12,12
2026-02-02 13:00:00,0,0,151.50700000000001,0,48,40.210000000000001,89,58.7,67,102,8,12,12
2026-02-02 14:00:00,0,0,151.53,0,48.799999999999997,40.210000000000001,90,58.7,67,102,8,12,12
2026-02-02 15:00:00,0,0,151.56399999999999,0,49.600000000000001,40.210000000000001,90,58.7,67,102,8,12,12
2026-02-02 16:00:00,0,0,151.51599999999999,0,49.600000000000001,40.210000000000001,90,58.7,67,102,8,12,12
2026-02-02 17:00:00,0,0,151.49600000000001,0,48.799999999999997,40.210000000000001,90,58.7,67,102,8,12,12
2026-02-02 18:00:00,0,0,150.32599999999999,0,48,40.039999999999999,90,58.7,67,102,8,12,12
2026-02-02 19:00:00,0,0,148.74199999999999,0,47.600000000000001,38.850000000000001,88.599999999999994,58.7,67,102,8,12,12
2026-02-02 20:00:00,0,0,149.00700000000001,0,46,35.590000000000003,86.599999999999994,58.7,67,102,8,12,12
2026-02-02 21:00:00,0,0,80.721999999999994,0,44,32.259999999999998,85,58.7,67,102,8,12,12
2026-02-02 22:00:00,0,0,0.063,0,44,31.129999999999999,88.599999999999994,58.7,67,102,8,12,12
2026-02-02 23:00:00,0,0,0.12,0,43.700000000000003,31.57,85,58.7,67,102,8,12,12
2026-02-03 00:00:00,0,0,0.182,0,44,32.880000000000003,86.200000000000003,58.7,67,102,8,12,12
2026-02-03 01:00:00,0,0,0.19700000000000001,0,46,34.789999999999999,87.400000000000006,58.7,67,102,8,12,12
2026-02-03 02:00:00,0,0,0.106,0,47.200000000000003,37.170000000000002,88.200000000000003,58.7,67,102,8,12,12
2026-02-03 03:00:00,0,0,3.5000000000000003E-2,0,48.799999999999997,39.799999999999997,89.700000000000003,58.7,67,102,8,12,12
2026-02-03 04:00:00,0,0,0.02,0,50,41.740000000000002,90.299999999999997,58.7,67,102,8,12,12
2026-02-03 05:00:00,0,0,142.761,0,50.799999999999997,42.549999999999997,91.200000000000003,58.7,67,102,8,12,12
2026-02-03 06:00:00,0,0,149.227,0,52,40.630000000000003,88.599999999999994,58.7,67,102,8,12,12
2026-02-03 07:00:00,0,0,150.011,0,48,39.619999999999997,87.400000000000006,58.7,67,102,8,12,12
2026-02-03 08:00:00,0,0,151.52600000000001,0,47.600000000000001,40.090000000000003,87.799999999999997,58.7,67,102,8,12,12
2026-02-03 09:00:00,0,0,151.52600000000001,0,47.600000000000001,40.090000000000003,88.200000000000003,58.7,67,102,8,12,12
2026-02-03 10:00:00,0,0,151.56899999999999,0,47.600000000000001,40.090000000000003,88.599999999999994,58.7,67,102,8,12,12
2026-02-03 11:00:00,0,0,151.55500000000001,0,47.600000000000001,40.210000000000001,89,58.7,67,102,8,12,12
2026-02-03 12:00:00,0,0,151.51599999999999,0,47.600000000000001,40.920000000000002,89,58.7,67,102,8,12,12
2026-02-03 13:00:00,0,0,151.51599999999999,0,47.600000000000001,40.920000000000002,89,58.7,67,102,8,12,12
2026-02-03 14:00:00,0,0,151.506,0,47.600000000000001,41.390000000000001,89,58.7,67,102,8,12,12
2026-02-03 15:00:00,0,0,151.52600000000001,0,47.200000000000003,41.450000000000003,88.200000000000003,58.7,67,102,8,12,12
2026-02-03 16:00:00,0,0,151.416,0,46,40.390000000000001,87.599999999999994,58.7,67,102,8,12,12
2026-02-03 17:00:00,0,0,151.32499999999999,0,45.600000000000001,38.909999999999997,87,58.7,67,102,8,12,12
2026-02-03 18:00:00,0,0,150.08699999999999,0,44,37.109999999999999,86.200000000000003,58.7,67,102,8,12,12
2026-02-03 19:00:00,0,0,148.834,0,43.299999999999997,35.710000000000001,85,58.7,67,102,8,12,12
2026-02-03 20:00:00,0,0,148.892,0,41.700000000000003,33.25,83,58.7,67,102,8,12,12
2026-02-03 21:00:00,0,0,80.841999999999999,0,38.899999999999999,30.559999999999999,81,58.7,67,102,8,12,12
2026-02-03 22:00:00,0,0,5.8999999999999997E-2,0,38.5,29.550000000000001,81,58.7,67,102,8,12,12
2026-02-03 23:00:00,0,0,5.0000000000000001E-3,0,38.899999999999999,29.93,81.400000000000006,58.7,67,102,8,12,12
2026-02-04 00:00:00,0,0,8.2000000000000003E-2,0,40.899999999999999,30.879999999999999,82.200000000000003,58.7,67,102,8,12,12
2026-02-04 01:00:00,0,0,4.2999999999999997E-2,0,42.5,32.57,84.200000000000003,58.7,67,102,8,12,12
2026-02-04 02:00:00,0,0,9.1999999999999998E-2,0,43.700000000000003,34.850000000000001,86.200000000000003,58.7,67,102,8,12,12
2026-02-04 03:00:00,0,0,9.1999999999999998E-2,0,44,37.289999999999999,87.799999999999997,58.7,67,102,8,12,12
2026-02-04 04:00:00,0,0,0.019,0,45.600000000000001,39.439999999999998,89.700000000000003,58.7,67,102,8,12,12
2026-02-04 05:00:00,0,0,142.65600000000001,0,46,39.859999999999999,90.299999999999997,58.7,67,102,8,12,12
2026-02-04 06:00:00,0,0,149.18799999999999,0,44.799999999999997,38.43,89.700000000000003,58.7,67,102,8,12,12
2026-02-04 07:00:00,0,0,149.60300000000001,0,44,38.009999999999998,89,58.7,67,102,8,12,12
2026-02-04 08:00:00,0,0,151.50700000000001,0,44.799999999999997,39.32,89.400000000000006,58.7,67,102,8,12,12
2026-02-04 09:00:00,0,0,151.50700000000001,0,46,39.560000000000002,90,58.7,67,102,8,12,12
2026-02-04 10:00:00,0,0,151.51599999999999,0,46,39.560000000000002,90,58.7,67,102,8,12,12
2026-02-04 11:00:00,0,0,151.613,0,46,39.560000000000002,90,58.7,67,102,8,12,12
2026-02-04 12:00:00,0,0,151.55500000000001,0,46,39.560000000000002,89.700000000000003,58.7,67,102,8,12,12
2026-02-04 13:00:00,0,0,151.49799999999999,0,46,39.5,88.599999999999994,58.7,67,102,8,12,12
2026-02-04 14:00:00,0,0,151.511,0,46,39.5,88.200000000000003,58.7,67,102,8,12,12
2026-02-04 15:00:00,0,0,150.63800000000001,0,46,39.210000000000001,87.400000000000006,58.7,67,102,8,12,12
2026-02-04 16:00:00,0,0,149.261,0,44.799999999999997,38.009999999999998,86.599999999999994,58.7,67,102,8,12,12
2026-02-04 17:00:00,0,0,148.89500000000001,0,44.799999999999997,37.469999999999999,86.599999999999994,58.7,67,102,8,12,12
2026-02-04 18:00:00,0,0,149.00200000000001,0,44.799999999999997,37.049999999999997,86.200000000000003,58.7,67,102,8,12,12
2026-02-04 19:00:00,0,0,148.876,0,43.700000000000003,36.079999999999998,84.599999999999994,58.7,67,102,8,12,12
2026-02-04 20:00:00,0,0,148.91499999999999,0,41.700000000000003,32.5,82.200000000000003,58.7,67,102,8,12,12
2026-02-04 21:00:00,0,0,80.736000000000004,0,39.700000000000003,29.359999999999999,79.799999999999997,58.7,67,102,8,12,12
2026-02-04 22:00:00,0,0,9.7000000000000003E-2,0,38.5,27.699999999999999,78.599999999999994,58.7,67,102,8,12,12
2026-02-04 23:00:00,0,0,8.9999999999999997E-2,0,38.5,27.510000000000002,78.200000000000003,58.7,67,102,8,12,12
2026-02-05 00:00:00,0,0,8.1000000000000003E-2,0,38.899999999999999,27.77,78.599999999999994,58.7,67,102,8,12,12
2026-02-05 01:00:00,0,0,7.1999999999999995E-2,0,40.899999999999999,29.359999999999999,79.799999999999997,58.7,67,102,8,12,12
2026-02-05 02:00:00,0,0,3.7999999999999999E-2,0,42.5,31.629999999999999,81.400000000000006,58.7,67,102,8,12,12
2026-02-05 03:00:00,0,0,0.02,0,44,34.049999999999997,83.400000000000006,58.7,67,102,8,12,12
2026-02-05 04:00:00,0,0,6.7000000000000004E-2,0,44.799999999999997,36.380000000000003,84.599999999999994,58.7,67,102,8,12,12
2026-02-05 05:00:00,0,0,142.66999999999999,0,45.600000000000001,37.649999999999999,85.400000000000006,58.7,67,102,8,12,12
2026-02-05 06:00:00,0,0,91.314999999999998,0,44,36.740000000000002,84.599999999999994,58.7,67,102,8,12,12
2026-02-05 07:00:00,0,0,50.75,0,43.299999999999997,35.649999999999999,83.799999999999997,58.7,67,102,8,12,12
2026-02-05 08:00:00,0,0,42.869,0,42,34.850000000000001,84.200000000000003,58.7,67,102,8,12,12
2026-02-05 09:00:00,0,0,95.241,0,42,33.93,84.200000000000003,58.7,67,102,8,12,12
2026-02-05 10:00:00,0,0,145.732,0,41.700000000000003,33.68,84.200000000000003,58.7,67,102,8,12,12
2026-02-05 11:00:00,0,0,151.483,0,42,34.490000000000002,85,58.7,67,102,8,12,12
2026-02-05 12:00:00,0,0,151.52099999999999,0,43.299999999999997,36.079999999999998,86.200000000000003,58.7,67,102,8,12,12
2026-02-05 13:00:00,0,0,150.96000000000001,0,43.700000000000003,37.770000000000003,87.400000000000006,58.7,67,102,8,12,12
2026-02-05 14:00:00,0,0,151.042,0,44,39.799999999999997,87.799999999999997,58.7,67,102,8,12,12
2026-02-05 15:00:00,0,0,150.863,0,45.600000000000001,41.390000000000001,89,58.7,67,102,8,12,12
2026-02-05 16:00:00,0,0,151.24799999999999,0,46.799999999999997,42.840000000000003,90.299999999999997,58.7,67,102,8,12,12
2026-02-05 17:00:00,0,0,149.91300000000001,0,47.600000000000001,42.840000000000003,90.799999999999997,58.7,67,102,8,12,12
2026-02-05 18:00:00,0,0,148.75299999999999,0,48,43.590000000000003,91.799999999999997,58.7,67,102,8,12,12
2026-02-05 19:00:00,0,0,148.91,0,48,43.07,91.200000000000003,58.7,67,102,8,12,12
2026-02-05 20:00:00,0,0,148.983,0,47.200000000000003,40.57,90,58.7,67,102,8,12,12
2026-02-05 21:00:00,0,0,80.774000000000001,0,46.799999999999997,37.710000000000001,87.799999999999997,58.7,67,102,8,12,12
2026-02-05 22:00:00,0,0,0,0,45.600000000000001,35.590000000000003,87.799999999999997,58.7,67,102,8,12,12
2026-02-05 23:00:00,0,0,0,0,45.600000000000001,34.979999999999997,88.599999999999994,58.7,67,102,8,12,12
